CÓDIGO_INSTITUCIÓN_PADRE;CÓDIGO_INSTITUCIÓN;NOMBRE_INSTITUCIÓN;ESTADO_INSTITUCIÓN;CARÁCTER_ACADÉMICO;SECTOR;REGISTRO_UNICO;CÓDIGO_SNIES_DEL_PROGRAMA;CÓDIGO_ANTERIOR_ICFES;NOMBRE_DEL_PROGRAMA;TITULO_OTORGADO;ESTADO_PROGRAMA;JUSTIFICACION;JUSTIFICACION_DETALLADA;RECONOCIMIENTO_DEL_MINISTERIO;RESOLUCIÓN_DE_APROBACIÓN;FECHA_DE_RESOLUCIÓN;FECHA_EJECUTORIA;VIGENCIA_AÑOS;FECHA_DE_REGISTRO_EN_SNIES;CINE_F_2013_AC_CAMPO_AMPLIO;CINE_F_2013_AC_CAMPO_ESPECÍFIC;CINE_F_2013_AC_CAMPO_DETALLADO;ÁREA_DE_CONOCIMIENTO;NÚCLEO_BÁSICO_DEL_CONOCIMIENTO;NIVEL_ACADÉMICO;NIVEL_DE_FORMACIÓN;MODALIDAD;NÚMERO_CRÉDITOS;NÚMERO_PERIODOS_DE_DURACIÓN;PERIODICIDAD;SE_OFRECE_POR_CICLOS_PROPEDÉUT;PERIODICIDAD_ADMISIONES;PROGRAMA_EN_CONVENIO;DEPARTAMENTO_OFERTA_PROGRAMA;MUNICIPIO_OFERTA_PROGRAMA;COSTO_MATRÍCULA_ESTUD_NUEVOS;VIGENCIA TRANSITORIA;OBSERVACIÓN DECRETO 1174/23
1212;1212;UNIVERSIDAD DE PAMPLONA;Activa;Universidad;Oficial;;11452;121246580005451812300;ADMINISTRACI¿N DE EMPRESAS;ADMINISTRADOR(A) DE EMPRESAS;Activo;;;Registro calificado;21908;17/11/2022;02/12/2022;7;05/03/2001;Administración de Empresas y Derecho;Educación comercial y administración;Gestión y administración;Economía, administración, contaduría y afines;Administración;Pregrado;Universitario;A distancia;149;9;Semestral;No;Semestral;N;Norte de Santander;Pamplona;;;
1212;1212;UNIVERSIDAD DE PAMPLONA;Activa;Universidad;Oficial;;3273;121246580035451811100;ADMINISTRACION COMERCIAL Y DE SISTEMAS;ADMINISTRADOR COMERCIAL Y DE SISTEMAS;Inactivo;;Registro calificado no renovado;n/a;4477;10/10/2005;10/10/2005;;21/03/1998;Administración de Empresas y Derecho;Educación comercial y administración;Gestión y administración;Economía, administración, contaduría y afines;Administración;Pregrado;Universitario;Presencial;164;10;Semestral;No;Semestral;N;Norte de Santander;Pamplona;;;
1212;1212;UNIVERSIDAD DE PAMPLONA;Activa;Universidad;Oficial;;9491;121243706585451811100;ADMINISTRACIÓN DE EMPRESAS;Administrador de Empresas / Administradora de Empresas;Activo;;;Acreditación de alta calidad;4899;16/04/2024;06/05/2024;7;06/05/2024;Administración de Empresas y Derecho;Educación comercial y administración;Gestión y administración;Economía, administración, contaduría y afines;Administración;Pregrado;Universitario;Presencial;149;9;Semestral;No;Semestral;N;Norte de Santander;Pamplona;1820000;;
1212;1212;UNIVERSIDAD DE PAMPLONA;Activa;Universidad;Oficial;;9405;121240036585451811100;ADMINISTRACION DE SISTEMAS INFORMATICOS;ADMINISTRADOR DE SISTEMAS INFORMATICOS;Inactivo;;Inactivar por solicitud de la ies 2018-er-194945;n/a;1598;17/04/2006;17/04/2006;;24/11/1999;Administración de Empresas y Derecho;Educación comercial y administración;Gestión y administración;Ingeniería, arquitectura, urbanismo y afines;Ingeniería de sistemas, telemática y afines;Pregrado;Universitario;Presencial;159;10;Semestral;No;Semestral;N;Norte de Santander;Pamplona;;;
1212;1212;UNIVERSIDAD DE PAMPLONA;Activa;Universidad;Oficial;;52524;52524;ADMINISTRACION DE SISTEMAS INFORMATICOS;ADMINISTRADOR DE SISTEMAS INFORMATICOS;Inactivo;;Inactivar por solicitud de la ies 2018-er-194945;n/a;7289;20/11/2006;20/11/2006;;21/11/2006;Administración de Empresas y Derecho;Educación comercial y administración;Gestión y administración;Economía, administración, contaduría y afines;Administración;Pregrado;Universitario;A distancia;100;10;Semestral;No;Semestral;N;Norte de Santander;Pamplona;;;
1212;1212;UNIVERSIDAD DE PAMPLONA;Activa;Universidad;Oficial;;11396;121247200005451811100;ARQUITECTURA;ARQUITECTO;Activo;;;Acreditación de alta calidad;4901;16/04/2024;06/05/2024;6;21/02/2001;Ingeniería, Industria y Construcción;Arquitectura y construcción;Construcción e ingeniería civil;Ingeniería, arquitectura, urbanismo y afines;Arquitectura y afines;Pregrado;Universitario;Presencial;156;10;Semestral;No;Semestral;N;Norte de Santander;Pamplona;1820000;;
1212;1212;UNIVERSIDAD DE PAMPLONA;Activa;Universidad;Oficial;;11138;121247300005451811100;ARTES PLASTICAS;MAESTRO EN ARTES PLASTICAS;Inactivo;;;Registro calificado;1932;11/04/2008;;7;13/12/2000;Arte y Humanidades;Artes;Bellas artes;Bellas artes;Artes plásticas, visuales y afines;Pregrado;Universitario;Presencial;150;10;Semestral;No;Semestral;N;Norte de Santander;Pamplona;;;
1212;1212;UNIVERSIDAD DE PAMPLONA;Activa;Universidad;Oficial;;101468;101468;ARTES VISUALES;MAESTRO EN ARTES VISUALES;Activo;;;Registro calificado;11580;23/06/2022;12/07/2022;7;16/01/2012;Arte y Humanidades;Artes;Bellas artes;Bellas artes;Artes plásticas, visuales y afines;Pregrado;Universitario;Presencial;155;10;Semestral;No;Semestral;N;Norte de Santander;Pamplona;1820000;;
1212;1212;UNIVERSIDAD DE PAMPLONA;Activa;Universidad;Oficial;;11443;121246160015451811100;BACTERIOLOGIA Y LABORATORIO CLINICO;BACTERIOLOGO Y LABORATORISTA CLINICO;Activo;;;Acreditación de alta calidad;6634;26/04/2022;27/04/2022;7;27/04/2022;Salud y Bienestar;Salud;Tecnología de diagnóstico y tratamiento médico;Ciencias de la salud;Bacteriología;Pregrado;Universitario;Presencial;163;10;Semestral;No;Semestral;N;Norte de Santander;Pamplona;3250000;;
1212;1212;UNIVERSIDAD DE PAMPLONA;Activa;Universidad;Oficial;;19812;121245740005487401100;BIOLOGIA;BIOLOGO;Inactivo;;Registro calificado no renovado.;Registro calificado;542;27/02/2004;25/03/2004;7;07/07/2003;Ciencias Naturales, Matemáticas y Estadística;Ciencias biológicas y afines;Biología;Matemáticas y ciencias naturales;Biología, microbiología y afines;Pregrado;Universitario;Presencial;164;10;Semestral;No;Semestral;N;Norte de Santander;Villa del Rosario;;;
1212;1212;UNIVERSIDAD DE PAMPLONA;Activa;Universidad;Oficial;;11305;121245740005451811100;BIOLOGIA;BIOLOGO;Activo;;;Acreditación de alta calidad;19501;20/10/2023;08/11/2023;4;29/01/2001;Ciencias Naturales, Matemáticas y Estadística;Ciencias biológicas y afines;Biología;Matemáticas y ciencias naturales;Biología, microbiología y afines;Pregrado;Universitario;Presencial;164;10;Semestral;No;Semestral;N;Norte de Santander;Pamplona;1820000;;
1212;1212;UNIVERSIDAD DE PAMPLONA;Activa;Universidad;Oficial;;52946;52946;CIENCIA POLíTICA;POLITóLOGO;Inactivo;;Inactivar por solicitud de la ies 2018-er-194957;n/a;3473;21/06/2007;21/06/2007;;25/06/2007;Ciencias Sociales, Periodismo e Información;Ciencias sociales y del comportamiento;Ciencias políticas y educación cívica;Ciencias sociales y humanas;Ciencia política, relaciones internacionales;Pregrado;Universitario;Presencial;158;9;Semestral;No;Semestral;N;Norte de Santander;Pamplona;;;
1212;1212;UNIVERSIDAD DE PAMPLONA;Activa;Universidad;Oficial;;19816;121243706585487401100;COMUNICACION SOCIAL;COMUNICADOR SOCIAL;Inactivo;;Se inactiva por vencimiento de registro calificado;Registro calificado;5985;26/07/2011;26/07/2011;7;07/07/2003;Ciencias Sociales, Periodismo e Información;Periodismo e información;Periodismo, comunicación y reportajes;Ciencias sociales y humanas;Comunicación social, periodismo y afines;Pregrado;Universitario;Presencial;158;10;Semestral;No;Semestral;N;Norte de Santander;Villa del Rosario;;;
1212;1212;UNIVERSIDAD DE PAMPLONA;Activa;Universidad;Oficial;;9440;121243020205451811100;COMUNICACION SOCIAL;COMUNICADOR  SOCIAL;Activo;;;Acreditación de alta calidad;4906;16/04/2024;06/05/2024;6;09/12/1999;Ciencias Sociales, Periodismo e Información;Periodismo e información;Periodismo, comunicación y reportajes;Ciencias sociales y humanas;Comunicación social, periodismo y afines;Pregrado;Universitario;Presencial;158;10;Semestral;No;Semestral;N;Norte de Santander;Pamplona;1820000;;
1212;1212;UNIVERSIDAD DE PAMPLONA;Activa;Universidad;Oficial;;10159;121246570835451811100;CONTADURIA PUBLICA;CONTADOR PUBLICO;Activo;;;Registro calificado;5530;29/05/2019;29/05/2019;7;05/04/2000;Administración de Empresas y Derecho;Educación comercial y administración;Contabilidad e impuestos;Economía, administración, contaduría y afines;Contaduría pública;Pregrado;Universitario;Presencial;163;10;Semestral;No;Semestral;N;Norte de Santander;Pamplona;1820000;;
1212;1212;UNIVERSIDAD DE PAMPLONA;Activa;Universidad;Oficial;;11835;121246570835451812300;CONTADURIA PUBLICA;CONTADOR PUBLICO;Activo;;;Registro calificado;6438;22/04/2022;25/04/2022;7;28/04/2001;Administración de Empresas y Derecho;Educación comercial y administración;Contabilidad e impuestos;Economía, administración, contaduría y afines;Contaduría pública;Pregrado;Universitario;A distancia;163;10;Semestral;No;Semestral;N;Norte de Santander;Pamplona;;;
1212;1212;UNIVERSIDAD DE PAMPLONA;Activa;Universidad;Oficial;;13247;121243040445451811100;DERECHO;ABOGADO;Inactivo;;Por solicitud de la ies 11-sep-18;Registro calificado;;;;7;24/09/2001;Administración de Empresas y Derecho;Derecho;Derecho;Ciencias sociales y humanas;Derecho y afines;Pregrado;Universitario;Presencial;172;;Sin definir;No;Sin definir;N;Cundinamarca;Jerusalén;;;
1212;1212;UNIVERSIDAD DE PAMPLONA;Activa;Universidad;Oficial;;52382;52382;DERECHO;Abogado / Abogada;Activo;;;Acreditación de alta calidad;3315;03/03/2021;18/03/2021;7;18/03/2021;Administración de Empresas y Derecho;Derecho;Derecho;Ciencias sociales y humanas;Derecho y afines;Pregrado;Universitario;Presencial;172;10;Semestral;No;Semestral;N;Norte de Santander;Pamplona;2600000;;
1212;1212;UNIVERSIDAD DE PAMPLONA;Activa;Universidad;Oficial;;51736;121247410605451811500;DISEÑO INDUSTRIAL;DISEÑADOR INDUSTRIAL;Activo;;;Registro calificado;14198;10/12/2019;10/12/2019;8,5;18/11/2005;Arte y Humanidades;Artes;Diseño industrial, de moda e interiores;Bellas artes;Diseño;Pregrado;Universitario;Presencial;154;10;Semestral;No;Semestral;N;Norte de Santander;Pamplona;1820000;;
1212;1212;UNIVERSIDAD DE PAMPLONA;Activa;Universidad;Oficial;;117319;;Doctorado en  Ciencias Agrarias;Doctor en Ciencias Agrarias / Doctora en Ciencias Agrarias;Activo;;;Registro calificado;16432;24/09/2024;10/10/2024;7;10/10/2024;Agropecuario, Silvicultura, Pesca y Veterinaria;Programas y certificaciones interdisciplinarias relativos a agropecuario, silvicultura, pesca y veterinaria;Programas y certificaciones interdisciplinarias relativos a agropecuario, silvicultura, pesca y veterinaria;Sin información;Sin clasificar;Posgrado;Doctorado;Virtual-A distancia;100;8;Semestral;No;Anual;N;Norte de Santander;Pamplona;;;
1212;1212;UNIVERSIDAD DE PAMPLONA;Activa;Universidad;Oficial;;117506;;Doctorado en Actividad Física y Deporte;Doctor en Actividad Física y Deporte/Doctora en Actividad Física y Deporte;Activo;;;Registro calificado;22268;21/11/2024;06/12/2024;7;06/12/2024;Salud y Bienestar;Programas y certificaciones interdisciplinarios relativos a salud y bienestar;Programas y certificaciones interdisciplinarios relativos a salud y bienestar;Ciencias sociales y humanas;Deportes, educación física y recreación;Posgrado;Doctorado;Virtual-A distancia;100;8;Semestral;No;Anual;N;Norte de Santander;Pamplona;;;
1212;1212;UNIVERSIDAD DE PAMPLONA;Activa;Universidad;Oficial;;117457;;Doctorado en Arte y Cultura;Doctor en Arte y Cultura / Doctora en Arte y Cultura;Activo;;;Registro calificado;20635;12/11/2024;27/11/2024;7;27/11/2024;Arte y Humanidades;Artes;Bellas artes;Bellas artes;Otros programas asociados a bellas artes;Posgrado;Doctorado;Virtual-A distancia;90;8;Semestral;No;Anual;N;Norte de Santander;Pamplona;;;
1212;1212;UNIVERSIDAD DE PAMPLONA;Activa;Universidad;Oficial;;108300;108300;DOCTORADO EN AUTOMÁTICA;DOCTOR EN AUTOMÁTICA;Activo;;;Registro calificado;8941;27/08/2019;27/08/2019;7;16/09/2019;Ingeniería, Industria y Construcción;Ingeniería y profesiones afines;Electrónica y automatización;Ingeniería, arquitectura, urbanismo y afines;Ingeniería electrónica, telecomunicaciones y afines;Posgrado;Doctorado;Presencial;104;8;Semestral;No;Anual;N;Norte de Santander;Pamplona;12636000;;
1212;1212;UNIVERSIDAD DE PAMPLONA;Activa;Universidad;Oficial;;105808;105808;DOCTORADO EN CIENCIA Y TECNOLOGÍA DE ALIMENTOS;DOCTOR EN CIENCIA Y TECNOLOGÍA DE ALIMENTOS;Activo;;;Registro calificado;14748;29/08/2023;14/09/2023;7;14/09/2023;Ingeniería, Industria y Construcción;Ingeniería y profesiones afines;Ingeniería y profesiones afines no clasificadas en otra parte;Ingeniería, arquitectura, urbanismo y afines;Ingeniería agroindustrial, alimentos y afines;Posgrado;Doctorado;Presencial;105;8;Semestral;No;Semestral;N;Norte de Santander;Pamplona;10530000;;
1212;1212;UNIVERSIDAD DE PAMPLONA;Activa;Universidad;Oficial;;117320;;DOCTORADO EN CIENCIAS DE LA EDUCACIÓN;Doctor en Ciencias de la Educación / Doctora en Ciencias de la Educación;Activo;;;Registro calificado;13619;22/08/2024;06/09/2024;7;06/09/2024;Educación;Educación;Ciencias de la educación;Ciencias de la educación;Educación;Posgrado;Doctorado;Virtual-A distancia;90;8;Semestral;No;Anual;N;Norte de Santander;Pamplona;;;
1212;1212;UNIVERSIDAD DE PAMPLONA;Activa;Universidad;Oficial;;117505;;Doctorado en Fonoaudiología;Doctor en Fonoaudiología / Doctora en Fonoaudiología;Activo;;;Registro calificado;18281;21/11/2024;06/12/2024;7;06/12/2024;Salud y Bienestar;Salud;Fisioterapia, Fonoaudiología, Terapia ocupacional, Nutrición y afines;Ciencias de la salud;Terapias;Posgrado;Doctorado;Virtual-A distancia;100;8;Semestral;No;Semestral;N;Norte de Santander;Pamplona;;;
1212;1212;UNIVERSIDAD DE PAMPLONA;Activa;Universidad;Oficial;;118102;;DOCTORADO EN HUMANIDADES;Doctor (a) en Humanidades;Activo;;;Registro calificado;23628;29/11/2024;17/12/2024;7;17/12/2024;Arte y Humanidades;Programas y certificaciones interdisciplinarios relativos a artes y humanidades;Programas y certificaciones interdisciplinarios relativos a artes y humanidades;Ciencias sociales y humanas;Filosofía, teología y afines;Posgrado;Doctorado;Virtual-A distancia;100;8;Semestral;No;Anual;N;Norte de Santander;Pamplona;;;
1212;1212;UNIVERSIDAD DE PAMPLONA;Activa;Universidad;Oficial;;117604;;Doctorado en Salud Pública;Doctor en Salud Pública / Doctora en Salud Pública;Activo;;;Registro calificado;25538;27/12/2024;16/01/2025;7;16/01/2025;Salud y Bienestar;Salud;Salud no clasificada en otra parte;Ciencias de la salud;Salud pública;Posgrado;Doctorado;Virtual-A distancia;100;8;Semestral;No;Semestral;N;Norte de Santander;Pamplona;;;
1212;1212;UNIVERSIDAD DE PAMPLONA;Activa;Universidad;Oficial;;9980;121243300005451811100;ECONOMIA;ECONOMISTA;Activo;;;Acreditación de alta calidad;4898;16/04/2024;06/05/2024;6;06/02/2000;Ciencias Sociales, Periodismo e Información;Ciencias sociales y del comportamiento;Economía;Economía, administración, contaduría y afines;Economía;Pregrado;Universitario;Presencial;149;10;Semestral;No;Semestral;N;Norte de Santander;Pamplona;1820000;;
1212;1212;UNIVERSIDAD DE PAMPLONA;Activa;Universidad;Oficial;;19134;121243300005451812300;ECONOMIA;ECONOMISTA;Activo;;;Registro calificado;11286;25/06/2021;28/06/2021;7;14/03/2003;Ciencias Sociales, Periodismo e Información;Ciencias sociales y del comportamiento;Economía;Economía, administración, contaduría y afines;Economía;Pregrado;Universitario;A distancia;149;9;Semestral;No;Semestral;N;Norte de Santander;Pamplona;;;
1212;1212;UNIVERSIDAD DE PAMPLONA;Activa;Universidad;Oficial;;20972;121246100735451811100;ENFERMERIA;ENFERMERA (O);Activo;;;Acreditación de alta calidad;933;29/01/2025;14/02/2025;7;14/02/2025;Salud y Bienestar;Salud;Medicina;Ciencias de la salud;Enfermería;Pregrado;Universitario;Presencial;148;9;Semestral;No;Semestral;N;Norte de Santander;Pamplona;3250000;;
1212;1212;UNIVERSIDAD DE PAMPLONA;Activa;Universidad;Oficial;;52108;52108;ESPECIALIZACION EN ALTA GERENCIA;ESPECIALISTA EN ALTA GERENCIA;Inactivo;;Inactivar por vencimiento;Registro calificado;1597;17/04/2006;17/04/2006;7;28/04/2006;Administración de Empresas y Derecho;Educación comercial y administración;Gestión y administración;Economía, administración, contaduría y afines;Administración;Posgrado;Especialización universitaria;Presencial;32;2;Semestral;No;Semestral;N;Norte de Santander;Pamplona;;;
1212;1212;UNIVERSIDAD DE PAMPLONA;Activa;Universidad;Oficial;;53705;53705;ESPECIALIZACIÓN EN AUTOMATIZACIÓN INDUSTRIAL;ESPECIALISTA EN AUTOMATIZACIÓN INDUSTRIAL;Inactivo;;Inactivar por vencimiento;Registro calificado;3300;03/06/2008;03/06/2008;5;07/06/2008;Ingeniería, Industria y Construcción;Ingeniería y profesiones afines;Electrónica y automatización;Ingeniería, arquitectura, urbanismo y afines;Ingeniería electrónica, telecomunicaciones y afines;Posgrado;Especialización universitaria;Presencial;24;2;Semestral;No;Semestral;N;Norte de Santander;Pamplona;;;
1212;1212;UNIVERSIDAD DE PAMPLONA;Activa;Universidad;Oficial;;19146;121255740005451811102;ESPECIALIZACION EN BIOLOGIA;ESPECIALISTA EN BIOLOGIA;Inactivo;;;Registro calificado;6255;24/09/2008;;5;14/03/2003;Salud y Bienestar;Salud;Fisioterapia, Fonoaudiología, Terapia ocupacional, Nutrición y afines;Matemáticas y ciencias naturales;Biología, microbiología y afines;Posgrado;Especialización universitaria;Presencial;24;2;Semestral;No;;N;Norte de Santander;Pamplona;;;
1212;1212;UNIVERSIDAD DE PAMPLONA;Activa;Universidad;Oficial;;52959;52959;ESPECIALIZACION EN BIOQUIMICA CLINICA;ESPECIALISTA EN BIOQUIMICA CLINICA;Inactivo;;Inactivar por solicitud de la ies 2018-er-194941;n/a;2519;16/05/2007;16/05/2007;;28/06/2007;Salud y Bienestar;Salud;Salud no clasificada en otra parte;Matemáticas y ciencias naturales;Química y afines;Posgrado;Especialización universitaria;Presencial;26;2;Semestral;No;Semestral;N;Norte de Santander;Pamplona;;;
1212;1212;UNIVERSIDAD DE PAMPLONA;Activa;Universidad;Oficial;;51837;121255740195451811500;ESPECIALIZACION EN BUIQUIMICA;ESPECIALISTA EN BIOQUIMICA;Inactivo;;Inactivar por solicitud de la ies 2018-er-194941;n/a;6249;26/12/2005;26/12/2005;;12/01/2006;Salud y Bienestar;Salud;Salud no clasificada en otra parte;Matemáticas y ciencias naturales;Química y afines;Posgrado;Especialización universitaria;Presencial;30;2;Semestral;No;Semestral;N;Norte de Santander;Pamplona;;;
1212;1212;UNIVERSIDAD DE PAMPLONA;Activa;Universidad;Oficial;;12759;121256580175451813200;ESPECIALIZACION EN CONTROL INTERNO E INDICADORES DE GESTION;ESPECIALISTA EN CONTROL INTERNO E INDICADORES DE GESTION;Inactivo;;;n/a;;;;;15/08/2001;Administración de Empresas y Derecho;Educación comercial y administración;Gestión y administración;Economía, administración, contaduría y afines;Administración;Posgrado;Especialización universitaria;Presencial;;2;Semestral;No;Semestral;N;Norte de Santander;Pamplona;;;
1212;1212;UNIVERSIDAD DE PAMPLONA;Activa;Universidad;Oficial;;11336;121253233705451813100;ESPECIALIZACION EN CULTURA POLITICA Y EDUCACION;ESPECIALISTA EN CULTURA POLITICA  Y EDUCACION;Inactivo;;;Registro calificado;;;;7;31/01/2001;Educación;Educación;Formación para docentes sin asignatura de especialización;Ciencias de la educación;Educación;Posgrado;Especialización universitaria;Presencial;90;2;Semestral;No;Semestral;N;Norte de Santander;Pamplona;;;
1212;1212;UNIVERSIDAD DE PAMPLONA;Activa;Universidad;Oficial;;53281;53281;ESPECIALIZACION EN DESARROLLO ECONOMICO REGIONAL;Especialista en Desarrollo Economico Regional;Activo;;;Registro calificado;727;31/01/2023;15/02/2023;7;15/02/2023;Ciencias Sociales, Periodismo e Información;Ciencias sociales y del comportamiento;Economía;Economía, administración, contaduría y afines;Economía;Posgrado;Especialización universitaria;Virtual;24;2;Semestral;No;Semestral;N;Norte de Santander;Pamplona;5304000;;
1212;1212;UNIVERSIDAD DE PAMPLONA;Activa;Universidad;Oficial;;105090;105090;ESPECIALIZACION EN EDUCACION ARTISTICA;ESPECIALISTA EN EDUCACION ARTISTICA;Activo;;;Registro calificado;3312;28/02/2023;15/03/2023;7;15/03/2023;Educación;Educación;Ciencias de la educación;Ciencias de la educación;Educación;Posgrado;Especialización universitaria;Presencial;24;2;Semestral;No;Semestral;N;Norte de Santander;Pamplona;4862000;;
1212;1212;UNIVERSIDAD DE PAMPLONA;Activa;Universidad;Oficial;;52423;52423;ESPECIALIZACION EN EDUCACION: FORMACION INTEGRAL DE LA INFANCIA;ESPECIALISTA EN EDUCACION: FORMACION INTEGRAL DE LA INFANCIA;Activo;;;Registro calificado;16175;05/09/2023;21/09/2023;7;21/09/2023;Educación;Educación;Ciencias de la educación;Ciencias de la educación;Educación;Posgrado;Especialización universitaria;Presencial;24;2;Semestral;No;Semestral;N;Norte de Santander;Pamplona;5304000;;
1212;1212;UNIVERSIDAD DE PAMPLONA;Activa;Universidad;Oficial;;11339;121253700196800103100;ESPECIALIZACION EN EDUCACION PARA LA RECREACION COMUNITARIA;ESPECIALISTA EN EDUCACION PARA LA RECREACION COMUNITARIA;Inactivo;;;Registro calificado;;;;7;31/01/2001;Educación;Educación;Formación para docentes sin asignatura de especialización;Ciencias de la educación;Educación;Posgrado;Especialización universitaria;Presencial;27;2;Semestral;No;Semestral;N;Santander;Bucaramanga;;;
1212;1212;UNIVERSIDAD DE PAMPLONA;Activa;Universidad;Oficial;;11342;121253700190800103100;ESPECIALIZACION EN EDUCACION PARA LA RECREACION COMUNITARIA;ESPECIALISTA EN EDUCACION PARA LA RECREACION COMUNITARIA;Inactivo;;;Registro calificado;;;;7;31/01/2001;Educación;Educación;Formación para docentes sin asignatura de especialización;Ciencias de la educación;Educación;Posgrado;Especialización universitaria;Presencial;27;2;Semestral;No;Semestral;N;Atlántico;Barranquilla;;;
1212;1212;UNIVERSIDAD DE PAMPLONA;Activa;Universidad;Oficial;;11337;121253700195451813101;ESPECIALIZACION EN EDUCACION PARA LA RECREACION COMUNITARIA;ESPECIALISTA EN EDUCACION PARA LA RECREACION COMUNITARIA;Activo;;;Registro calificado;22906;31/12/2014;31/12/2014;7;31/01/2001;Educación;Educación;Formación para docentes sin asignatura de especialización;Ciencias de la educación;Educación;Posgrado;Especialización universitaria;Presencial;24;2;Semestral;No;Semestral;N;Norte de Santander;Pamplona;;;
1212;1212;UNIVERSIDAD DE PAMPLONA;Activa;Universidad;Oficial;;11341;121253700197000103100;ESPECIALIZACION EN EDUCACION PARA LA RECREACION COMUNITARIA;ESPECIALISTA EN EDUCACION PARA LA RECREACION COMUNITARIA;Inactivo;;;Registro calificado;;;;7;31/01/2001;Educación;Educación;Formación para docentes sin asignatura de especialización;Ciencias de la educación;Educación;Posgrado;Especialización universitaria;Presencial;27;2;Semestral;No;Semestral;N;Sucre;Sincelejo;;;
1212;1212;UNIVERSIDAD DE PAMPLONA;Activa;Universidad;Oficial;;116867;;Especialización en Educación para la Recreación Comunitaria;Especialista en Educación para la Recreación Comunitaria;Activo;;;Registro calificado;5024;17/04/2024;07/05/2024;7;07/05/2024;Educación;Educación;Formación para docentes sin asignatura de especialización;Sin información;Sin clasificar;Posgrado;Especialización universitaria;Presencial;24;2;Semestral;No;Semestral;N;Norte de Santander;Pamplona;4420000;;
1212;1212;UNIVERSIDAD DE PAMPLONA;Activa;Universidad;Oficial;;52589;52589;ESPECIALIZACION EN EDUCACION:EDUCACION ESPECIAL E INCLUSION SOCIAL;ESPECIALISTA EN EDUCACION: EDUCACION ESPECIAL E INCLUSION SOCIAL;Activo;;;Registro calificado;24120;14/12/2023;02/01/2024;7;02/01/2024;Educación;Educación;Ciencias de la educación;Ciencias de la educación;Educación;Posgrado;Especialización universitaria;Presencial;24;2;Semestral;Si;Semestral;N;Norte de Santander;Pamplona;5304000;;
1212;1212;UNIVERSIDAD DE PAMPLONA;Activa;Universidad;Oficial;;52414;52414;ESPECIALIZACION EN ENFERMEDADES TROPICALES TRANSMITIDAS POR VECTORES;ESPECIALISTA EN ENFERMEDADES TROPICALES TRANSMITIS;Inactivo;;Registro calificado vencido;n/a;6250;12/10/2006;12/10/2006;;17/10/2006;Salud y Bienestar;Salud;Medicina;Ciencias de la salud;Enfermería;Posgrado;Especialización universitaria;Presencial;22;2;Semestral;No;Sin definir;N;Norte de Santander;Pamplona;;;
1212;1212;UNIVERSIDAD DE PAMPLONA;Activa;Universidad;Oficial;;51752;121257960075451811500;ESPECIALIZACION EN ENTRENAMIENTO DEPORTIVO;ESPECIALISTA EN ENTRENAMIENTO DEPORTIVO;Inactivo;;Inactivar por solicitud de la ies 2018-er-194938;n/a;24458;30/12/2016;30/12/2016;;22/11/2005;Servicios;Programas y certificaciones interdisciplinarios relativos a servicios;Programas y certificaciones interdisciplinarios relativos a servicios;Ciencias sociales y humanas;Deportes, educación física y recreación;Posgrado;Especialización universitaria;Presencial;26;;Sin definir;No;Sin definir;N;Norte de Santander;Pamplona;;;
1212;1212;UNIVERSIDAD DE PAMPLONA;Activa;Universidad;Oficial;;52109;52109;ESPECIALIZACION EN FINANZAS;ESPECIALISTA EN FINANZAS;Inactivo;;Inactivar por vencimiento;Registro calificado;1599;17/04/2006;17/04/2006;7;28/04/2006;Administración de Empresas y Derecho;Educación comercial y administración;Gestión financiera, administración bancaria y seguros;Economía, administración, contaduría y afines;Administración;Posgrado;Especialización universitaria;Presencial;32;2;Semestral;No;Semestral;N;Norte de Santander;Pamplona;;;
1212;1212;UNIVERSIDAD DE PAMPLONA;Activa;Universidad;Oficial;;52394;52394;ESPECIALIZACION EN GERENCIA DE PROYECTOS;Especialista en Gerencia de Proyectos;Inactivo;;Registro calificado no renovado;n/a;5985;29/09/2006;29/09/2006;;05/10/2006;Administración de Empresas y Derecho;Educación comercial y administración;Gestión y administración;Economía, administración, contaduría y afines;Administración;Posgrado;Especialización universitaria;Presencial;32;2;Semestral;No;Semestral;N;Norte de Santander;Pamplona;;;
1212;1212;UNIVERSIDAD DE PAMPLONA;Activa;Universidad;Oficial;;11343;121253706205451813100;ESPECIALIZACION EN GESTION DE LA EDUCACION MEDIA TECNICA;ESPECIALISTA EN GESTION DE LA EDUCACION MEDIA TECNICA;Inactivo;;;Registro calificado;;;;7;31/01/2001;Administración de Empresas y Derecho;Educación comercial y administración;Gestión y administración;Economía, administración, contaduría y afines;Administración;Posgrado;Especialización universitaria;Presencial;90;2;Semestral;No;Semestral;N;Norte de Santander;Pamplona;;;
1212;1212;UNIVERSIDAD DE PAMPLONA;Activa;Universidad;Oficial;;54632;54632;ESPECIALIZACION EN GESTION DE PROYECTOS INFORMATICOS;ESPECIALIZACION EN GESTION DE PROYECTOS INFORMATICOS;Inactivo;;Por solicitud de la ies 11-sep-18;n/a;;;;;24/02/2001;Tecnologías de la Información y la Comunicación (TIC);Tecnologías de la Información y la Comunicación (TIC);Tecnologías de la información  y la comunicación (TIC) no clasificada en otra parte;Economía, administración, contaduría y afines;Administración;Posgrado;Especialización universitaria;A distancia;;2;Semestral;No;Sin definir;N;Norte de Santander;Pamplona;;;
1212;1212;UNIVERSIDAD DE PAMPLONA;Activa;Universidad;Oficial;;11411;121256580045451811100;ESPECIALIZACION EN GESTION DE PROYECTOS INFORMATICOS;ESPECIALISTA EN GESTION DE PROYECTOS INFORMATICOS;Inactivo;;Registro calificado no renovado;n/a;2870;18/05/2009;18/05/2009;;24/02/2001;Tecnologías de la Información y la Comunicación (TIC);Tecnologías de la Información y la Comunicación (TIC);Tecnologías de la información  y la comunicación (TIC) no clasificada en otra parte;Economía, administración, contaduría y afines;Administración;Posgrado;Especialización universitaria;Virtual;25;2;Semestral;No;Semestral;N;Norte de Santander;Pamplona;;;
1212;1212;UNIVERSIDAD DE PAMPLONA;Activa;Universidad;Oficial;;52228;52228;ESPECIALIZACIÒN EN GESTIÒN DEPORTIVA;ESPECIALISTA EN GESTION DEPORTIVA;Inactivo;;Inactivar por vencimiento;Registro calificado;3842;14/07/2006;14/07/2006;7;19/07/2006;Servicios;Servicios personales;Deportes;Economía, administración, contaduría y afines;Administración;Posgrado;Especialización universitaria;Presencial;26;2;Semestral;No;Sin definir;N;Norte de Santander;Pamplona;;;
1212;1212;UNIVERSIDAD DE PAMPLONA;Activa;Universidad;Oficial;;5631;121253706585400103100;ESPECIALIZACION EN GESTION EDUCATIVA;ESPECIALISTA EN GESTION EDUCATIVA;Inactivo;;;Registro calificado;;;;7;21/03/1998;Administración de Empresas y Derecho;Educación comercial y administración;Gestión y administración;Economía, administración, contaduría y afines;Administración;Posgrado;Especialización universitaria;Presencial;24;2;Semestral;No;Semestral;N;Norte de Santander;San José de Cúcuta;;;
1212;1212;UNIVERSIDAD DE PAMPLONA;Activa;Universidad;Oficial;;3513;121253706585451813100;ESPECIALIZACION EN GESTION EDUCATIVA;ESPECIALISTA EN GESTION EDUCATIVA;Inactivo;;;Registro calificado;;;;7;21/03/1998;Administración de Empresas y Derecho;Educación comercial y administración;Gestión y administración;Economía, administración, contaduría y afines;Administración;Posgrado;Especialización universitaria;Presencial;24;2;Semestral;No;Semestral;N;Norte de Santander;Pamplona;;;
1212;1212;UNIVERSIDAD DE PAMPLONA;Activa;Universidad;Oficial;;11344;121253706580800103100;ESPECIALIZACION EN GESTION EDUCATIVA;ESPECIALISTA EN GESTION EDUCATIVA;Inactivo;;;Registro calificado;;;;7;31/01/2001;Administración de Empresas y Derecho;Educación comercial y administración;Gestión y administración;Economía, administración, contaduría y afines;Administración;Posgrado;Especialización universitaria;Presencial;24;2;Semestral;No;Semestral;N;Atlántico;Barranquilla;;;
1212;1212;UNIVERSIDAD DE PAMPLONA;Activa;Universidad;Oficial;;11345;121253706582000103100;ESPECIALIZACION EN GESTION EDUCATIVA;ESPECIALISTA EN GESTION EDUCATIVA;Inactivo;;;Registro calificado;;;;7;31/01/2001;Administración de Empresas y Derecho;Educación comercial y administración;Gestión y administración;Economía, administración, contaduría y afines;Administración;Posgrado;Especialización universitaria;Presencial;24;2;Semestral;No;Sin definir;N;Cesar;Valledupar;;;
1212;1212;UNIVERSIDAD DE PAMPLONA;Activa;Universidad;Oficial;;54041;54041;ESPECIALIZACION EN MANEJO Y CONSERVACION DE LOS RECURSOS NATURALES;ESPECIALISTA EN MANEJO Y CONSERVACION DE LOS RECURSOS NATURALES;Inactivo;;Inactivar por solicitud de la ies 2018-er-194941;n/a;6255;24/09/2008;24/09/2008;;06/10/2008;Ciencias Naturales, Matemáticas y Estadística;Medio ambiente;Medio ambiente natural y vida silvestre;Matemáticas y ciencias naturales;Biología, microbiología y afines;Posgrado;Especialización universitaria;Presencial;24;2;Semestral;No;Semestral;N;Norte de Santander;Pamplona;;;
1212;1212;UNIVERSIDAD DE PAMPLONA;Activa;Universidad;Oficial;;12056;121255003705451811100;ESPECIALIZACION EN MANEJO Y PROTECCION AMBIENTAL;ESPECIALISTA EN EL MANEJO Y PROTECCION AMBIENTAL;Inactivo;;Inactivar por vencimiento;Registro calificado;1158;29/02/2008;29/02/2008;5;26/05/2001;Ingeniería, Industria y Construcción;Ingeniería y profesiones afines;Tecnología de protección del medio ambiente;Ingeniería, arquitectura, urbanismo y afines;Ingeniería ambiental, sanitaria y afines;Posgrado;Especialización universitaria;Presencial;23;2;Semestral;No;Semestral;N;Norte de Santander;Pamplona;;;
1212;1212;UNIVERSIDAD DE PAMPLONA;Activa;Universidad;Oficial;;54540;54540;ESPECIALIZACIÓN EN METODOLOGÍA PARA LA EDUCACIÓN ARTÍSTICA;ESPECIALISTA EN METODOLOGÍA PARA LA EDUCACIÓN ARTÍSTICA;Inactivo;;Inactivar por solicitud de la ies 2018-er-194957;n/a;1879;06/04/2009;06/04/2009;;08/04/2009;Educación;Educación;Ciencias de la educación;Bellas artes;Otros programas asociados a bellas artes;Posgrado;Especialización universitaria;Presencial;20;2;Semestral;No;Anual;N;Norte de Santander;Pamplona;;;
1212;1212;UNIVERSIDAD DE PAMPLONA;Activa;Universidad;Oficial;;11598;121258003702000103102;ESPECIALIZACION EN PEDAGOGIA DE LA LENGUA Y LA LITERATURA;ESPECIALISTA EN PEDAGOGIA DE LA LENGUA Y LA LITERATURA;Inactivo;;Renovación de registro calificado negado.;n/a;3860;11/05/2011;;;03/04/2001;Educación;Educación;Formación para docentes sin asignatura de especialización;Ciencias de la educación;Educación;Posgrado;Especialización universitaria;Presencial;24;2;Semestral;No;Semestral;N;Cesar;Valledupar;;;
1212;1212;UNIVERSIDAD DE PAMPLONA;Activa;Universidad;Oficial;;11596;121258003701300103102;ESPECIALIZACION EN PEDAGOGIA DE LA LENGUA Y LA LITERATURA;ESPECIALISTA EN PEDAGOGIA DE LA LENGUA Y LA LITERATURA;Inactivo;;Renovación de registro calificado negado.;n/a;3861;11/05/2011;;;03/04/2001;Educación;Educación;Formación para docentes sin asignatura de especialización;Ciencias de la educación;Educación;Posgrado;Especialización universitaria;Presencial;24;2;Semestral;No;Semestral;N;Bolívar;Cartagena de Indias;;;
1212;1212;UNIVERSIDAD DE PAMPLONA;Activa;Universidad;Oficial;;11599;121258003707000103102;ESPECIALIZACION EN PEDAGOGIA DE LA LENGUA Y LA LITERATURA;ESPECIALISTA EN PEDAGOGIA DE LA LENGUA Y LA LITERATURA;Inactivo;;Registro calificado no renovado;n/a;12785;28/12/2010;05/01/2011;;03/04/2001;Educación;Educación;Formación para docentes sin asignatura de especialización;Ciencias de la educación;Educación;Posgrado;Especialización universitaria;Presencial;24;2;Semestral;No;Semestral;N;Sucre;Sincelejo;;;
1212;1212;UNIVERSIDAD DE PAMPLONA;Activa;Universidad;Oficial;;11346;121254003705451813100;ESPECIALIZACION EN PEDAGOGIA DE LA LENGUA Y LA LITERATURA;ESPECIALISTA EN PEDAGOGIA DE LA LENGUA Y LA LITERATURA;Inactivo;;Registro calificado no renovado;n/a;12782;28/12/2010;05/01/2011;;31/01/2001;Educación;Educación;Formación para docentes sin asignatura de especialización;Ciencias de la educación;Educación;Posgrado;Especialización universitaria;Presencial;24;2;Semestral;No;Semestral;N;Norte de Santander;Pamplona;;;
1212;1212;UNIVERSIDAD DE PAMPLONA;Activa;Universidad;Oficial;;12306;121253710006800103100;ESPECIALIZACION EN PEDAGOGIA UNIVERSITARIA;ESPECIALISTA EN PEDAGOGIA UNIVERSITARIA;Inactivo;;Inactivar por solicitud de la ies 2018-er-194938;n/a;5738;13/07/2011;21/07/2011;;17/07/2001;Educación;Educación;Formación para docentes sin asignatura de especialización;Ciencias de la educación;Educación;Posgrado;Especialización universitaria;Presencial;24;2;Semestral;No;Semestral;N;Santander;Bucaramanga;;;
1212;1212;UNIVERSIDAD DE PAMPLONA;Activa;Universidad;Oficial;;11941;121253780195451813100;ESPECIALIZACION EN PEDAGOGIA UNIVERSITARIA;ESPECIALISTA EN PEDAGOGIA UNIVERSITARIA;Activo;;;Registro calificado;23636;29/11/2024;17/12/2024;7;17/12/2024;Educación;Educación;Formación para docentes sin asignatura de especialización;Ciencias de la educación;Educación;Posgrado;Especialización universitaria;Presencial;24;2;Semestral;No;Semestral;N;Norte de Santander;Pamplona;4862000;;
1212;1212;UNIVERSIDAD DE PAMPLONA;Activa;Universidad;Oficial;;12284;121253780195400103100;ESPECIALIZACION EN PEDAGOGIA UNIVERSITARIA;ESPECIALISTA EN PEDAGOGIA UNIVERSITARIA;Inactivo;;Inactivar por rc negado;Registro calificado;2626;05/04/2011;;7;16/07/2001;Educación;Educación;Formación para docentes sin asignatura de especialización;Ciencias de la educación;Educación;Posgrado;Especialización universitaria;Presencial;27;2;Semestral;No;Sin definir;N;Norte de Santander;San José de Cúcuta;;;
1212;1212;UNIVERSIDAD DE PAMPLONA;Activa;Universidad;Oficial;;8130;121256640005451813100;ESPECIALIZACION EN PROTECCION DE ALIMENTOS;ESPECIALISTA EN PROTECCION DE ALIMENTOS;Inactivo;;Inactivar por vencimiento;Registro calificado;1537;26/03/2008;;7;23/04/1999;Ingeniería, Industria y Construcción;Ingeniería y profesiones afines;Ingeniería y profesiones afines no clasificadas en otra parte;Ingeniería, arquitectura, urbanismo y afines;Ingeniería agroindustrial, alimentos y afines;Posgrado;Especialización universitaria;Presencial;22;2;Semestral;No;Semestral;N;Norte de Santander;Pamplona;;;
1212;1212;UNIVERSIDAD DE PAMPLONA;Activa;Universidad;Oficial;;4251;121253706305451813100;ESPECIALIZACION EN PROYECTOS PEDAGOGICOS AGROINDUSTRIALES;ESPECIALISTA EN PROYECTOS PEDAGOGICOS AGROINDUSTRIALES;Inactivo;;;Registro calificado;;;;7;21/03/1998;Agropecuario, Silvicultura, Pesca y Veterinaria;Agropecuario;Producción agrícola y ganadera;Ciencias de la educación;Educación;Posgrado;Especialización universitaria;Presencial;90;2;Semestral;No;Semestral;N;Norte de Santander;Pamplona;;;
1212;1212;UNIVERSIDAD DE PAMPLONA;Activa;Universidad;Oficial;;51834;121255400005451811500;ESPECIALIZACION EN QUIMICA;ESPECIALISTA EN QUIMICA;Inactivo;;Inactivar por vencimiento;Registro calificado;6247;26/12/2005;26/12/2005;7;11/01/2006;Ciencias Naturales, Matemáticas y Estadística;Ciencias físicas;Química;Matemáticas y ciencias naturales;Química y afines;Posgrado;Especialización universitaria;Presencial;30;2;Semestral;No;Semestral;N;Norte de Santander;Pamplona;;;
1212;1212;UNIVERSIDAD DE PAMPLONA;Activa;Universidad;Oficial;;51652;121253330715451811500;ESPECIALIZACION EN QUIMICA AMBIENTAL;ESPECIALISTA EN QUIMICA AMBIENTAL;Inactivo;;Inactivar por solicitud de la ies 2018-er-194941;n/a;3390;18/08/2005;18/08/2005;;05/09/2005;Ciencias Naturales, Matemáticas y Estadística;Ciencias físicas;Química;Matemáticas y ciencias naturales;Química y afines;Posgrado;Especialización universitaria;Presencial;30;2;Semestral;No;Anual;N;Norte de Santander;Pamplona;;;
1212;1212;UNIVERSIDAD DE PAMPLONA;Activa;Universidad;Oficial;;52365;52365;ESPECIALIZACION EN REGIMEN TERRITORIAL;ESPECIALISTA EN GESTION Y PLANEACION TERRITORIAL;Inactivo;;Se inactiva por vencimiento de registro calificado;Registro calificado;5464;12/09/2006;12/09/2006;7;14/09/2006;Administración de Empresas y Derecho;Derecho;Derecho;Ciencias sociales y humanas;Derecho y afines;Posgrado;Especialización universitaria;Presencial;24;2;Semestral;No;Sin definir;N;Norte de Santander;Pamplona;;;
1212;1212;UNIVERSIDAD DE PAMPLONA;Activa;Universidad;Oficial;;54229;54229;ESPECIALIZACIÓN EN SANIDAD ANIMAL;ESPECIALISTA EN SANIDAD ANIMAL;Inactivo;;Por solicitud de la ies 2018-er-194960;n/a;8802;27/11/2008;27/11/2008;;01/12/2008;Agropecuario, Silvicultura, Pesca y Veterinaria;Veterinaria;Veterinaria;Agronomía, veterinaria y afines;Medicina veterinaria;Posgrado;Especialización universitaria;Presencial;24;1;Anual;No;Semestral;N;Norte de Santander;Villa del Rosario;;;
1212;1212;UNIVERSIDAD DE PAMPLONA;Activa;Universidad;Oficial;;103780;103780;ESPECIALIZACIÓN EN SEGURIDAD ALIMENTARIA;ESPECIALISTA EN SEGURIDAD ALIMENTARIA;Activo;;;Registro calificado;3249;10/03/2022;10/03/2022;7;22/10/2014;Ingeniería, Industria y Construcción;Ingeniería y profesiones afines;Ingeniería y profesiones afines no clasificadas en otra parte;Ingeniería, arquitectura, urbanismo y afines;Ingeniería agroindustrial, alimentos y afines;Posgrado;Especialización universitaria;Presencial;24;2;Semestral;No;Semestral;N;Norte de Santander;Pamplona;;;
1212;1212;UNIVERSIDAD DE PAMPLONA;Activa;Universidad;Oficial;;103781;103781;ESPECIALIZACIÓN EN SEGURIDAD ALIMENTARIA;ESPECIALISTA EN SEGURIDAD ALIMENTARIA;Activo;;;Registro calificado;7618;04/05/2022;06/05/2022;7;22/10/2014;Ingeniería, Industria y Construcción;Ingeniería y profesiones afines;Ingeniería y profesiones afines no clasificadas en otra parte;Ingeniería, arquitectura, urbanismo y afines;Ingeniería agroindustrial, alimentos y afines;Posgrado;Especialización universitaria;Presencial;20;2;Semestral;No;Semestral;N;Santander;Bucaramanga;4420000;;
1212;1212;UNIVERSIDAD DE PAMPLONA;Activa;Universidad;Oficial;;108303;108303;ESPECIALIZACIÓN EN SEGURIDAD Y SALUD EN EL TRABAJO;ESPECIALISTA EN SEGURIDAD Y SALUD EN EL TRABAJO;Activo;;;Registro calificado;8921;27/08/2019;27/08/2019;7;17/09/2019;Salud y Bienestar;Salud;Odontología y estudios dentales;Ciencias de la salud;Salud pública;Posgrado;Especialización universitaria;Presencial;24;2;Semestral;No;Semestral;N;Norte de Santander;Pamplona;5304000;;
1212;1212;UNIVERSIDAD DE PAMPLONA;Activa;Universidad;Oficial;;53585;53585;ESPECIALIZACION EN SISTEMAS INTEGRADOS DE GESTION DE LA CALIDAD;ESPECIALISTA EN SISTEMAS INTEGRADOS DE GESTION DE LA CALIDAD;Inactivo;;Inactivar por vencimiento;Registro calificado;1933;11/04/2008;;5;15/04/2008;Administración de Empresas y Derecho;Educación comercial y administración;Gestión y administración;Ingeniería, arquitectura, urbanismo y afines;Ingeniería industrial y afines;Posgrado;Especialización universitaria;Presencial;22;1;Anual;No;Semestral;N;Norte de Santander;Pamplona;;;
1212;1212;UNIVERSIDAD DE PAMPLONA;Activa;Universidad;Oficial;;104322;104322;ESPECIALIZACIÓN EN SISTEMAS INTEGRADOS DE GESTIÓN (HSEQ);ESPECIALISTA EN SISTEMAS INTEGRADOS DE GESTIÓN (HSEQ);Activo;;;Registro calificado;14388;24/08/2023;08/09/2023;7;08/09/2023;Ingeniería, Industria y Construcción;Programas y certificaciones interdisciplinarios relativos a ingeniería, industria y construcción;Programas y certificaciones interdisciplinarios relativos a ingeniería, industria y construcción;Ingeniería, arquitectura, urbanismo y afines;Ingeniería industrial y afines;Posgrado;Especialización universitaria;Presencial;23;2;Semestral;No;Semestral;N;Norte de Santander;Pamplona;4862000;;
1212;1212;UNIVERSIDAD DE PAMPLONA;Activa;Universidad;Oficial;;103710;103710;ESPECIALIZACIÓN EN SISTEMAS INTEGRADOS DE GESTIÓN (HSEQ).;ESPECIALISTA EN SISTEMAS INTEGRADOS DE GESTIÓN (HSEQ).;Inactivo;;Solicitud de inactyivacion por parte de la ies 2020-er-085243;n/a;14694;10/09/2014;15/09/2014;;15/09/2014;Ingeniería, Industria y Construcción;Programas y certificaciones interdisciplinarios relativos a ingeniería, industria y construcción;Programas y certificaciones interdisciplinarios relativos a ingeniería, industria y construcción;Ingeniería, arquitectura, urbanismo y afines;Ingeniería industrial y afines;Posgrado;Especialización universitaria;Presencial;23;2;Semestral;No;Semestral;N;Santander;Bucaramanga;;;
1212;1212;UNIVERSIDAD DE PAMPLONA;Activa;Universidad;Oficial;;52611;52611;ESPECIALIZACIÓN EN TÉCNICAS MOLECULARES APLICADAS;ESPECIALISTA EN TÉCNICAS MOLECULARES APLICADAS;Inactivo;;Inactivar por vencimiento;Registro calificado;3841;14/07/2006;14/07/2006;7;09/02/2007;Salud y Bienestar;Salud;Medicina;Ciencias de la salud;Medicina;Posgrado;Especialización universitaria;Presencial;26;2;Semestral;No;Sin definir;N;Norte de Santander;Pamplona;;;
1212;1212;UNIVERSIDAD DE PAMPLONA;Activa;Universidad;Oficial;;12158;121253780035451811100;ESPECIALIZACION EN TELEVISION EDUCATIVA;ESPECIALISTA EN TELEVISION EDUCATIVA;Inactivo;;Inactivar por solicitud de la ies 2018-er-194957;n/a;417;06/02/2009;06/02/2009;;19/06/2001;Educación;Educación;Formación para docentes sin asignatura de especialización;Ciencias de la educación;Educación;Posgrado;Especialización universitaria;Presencial;23;2;Semestral;No;Semestral;N;Norte de Santander;Pamplona;;;
1212;1212;UNIVERSIDAD DE PAMPLONA;Activa;Universidad;Oficial;;9555;121254180025451813100;ESPECIALIZACION EN TRADUCCION DE TEXTO ESCRITO (INGLES-ESPAÑOL);ESPECIALISTA EN TRADUCCION DE TEXTO ESCRITO (INGLES-ESPAÑOL);Inactivo;;;n/a;;;;;20/01/2000;Arte y Humanidades;Idiomas;Adquisición del lenguaje;Ciencias sociales y humanas;Lenguas modernas, literatura, linguística y afines;Posgrado;Especialización universitaria;Presencial;;2;Semestral;No;Anual;N;Norte de Santander;Pamplona;;;
1212;1212;UNIVERSIDAD DE PAMPLONA;Activa;Universidad;Oficial;;52317;52317;ESPECIALIZACION EN TRANSFORMACION DE RESIDUOS;ESPECIALISTA EN TRANSFORMACION DE RESIDUOS AGROINDUSTRIALES;Inactivo;;;Registro calificado;4892;23/08/2006;;7;24/08/2006;Ingeniería, Industria y Construcción;Ingeniería y profesiones afines;Ingeniería y profesiones afines no clasificadas en otra parte;Ingeniería, arquitectura, urbanismo y afines;Ingeniería agroindustrial, alimentos y afines;Posgrado;Especialización universitaria;Presencial;24;2;Semestral;No;Semestral;N;Norte de Santander;Pamplona;;;
1212;1212;UNIVERSIDAD DE PAMPLONA;Activa;Universidad;Oficial;;103593;103593;ESPECIALIZACIÓN EN TRANSFORMACIÓN DE RESIDUOS AGROINDUSTRIALES;ESPECIALISTA EN TRANSFORMACIÓN DE RESIDUOS AGROINDUSTRIALES;Activo;;;Registro calificado;12909;11/08/2014;12/08/2014;7;14/08/2014;Ingeniería, Industria y Construcción;Ingeniería y profesiones afines;Ingeniería y profesiones afines no clasificadas en otra parte;Ingeniería, arquitectura, urbanismo y afines;Ingeniería agroindustrial, alimentos y afines;Posgrado;Especialización universitaria;Presencial;24;2;Semestral;No;Semestral;N;Norte de Santander;Pamplona;;;
1212;1212;UNIVERSIDAD DE PAMPLONA;Activa;Universidad;Oficial;;11927;121241000015451811100;FILOSOFIA;FILÓSOFO (A);Activo;;;Acreditación de alta calidad;11581;23/06/2022;12/07/2022;7;12/07/2022;Arte y Humanidades;Humanidades (Excepto idiomas);Filosofía y ética;Ciencias sociales y humanas;Filosofía, teología y afines;Pregrado;Universitario;Presencial;163;10;Semestral;No;Semestral;N;Norte de Santander;Pamplona;650000;;
1212;1212;UNIVERSIDAD DE PAMPLONA;Activa;Universidad;Oficial;;9761;121245300005451811500;FISICA;FISICO;Activo;;;Registro calificado;14650;12/08/2021;30/08/2021;7;03/02/2000;Ciencias Naturales, Matemáticas y Estadística;Ciencias físicas;Física;Matemáticas y ciencias naturales;Física;Pregrado;Universitario;Presencial;168;10;Semestral;No;Semestral;N;Norte de Santander;Pamplona;1820000;;
1212;1212;UNIVERSIDAD DE PAMPLONA;Activa;Universidad;Oficial;;11578;121246150825451811100;FISIOTERAPIA;FISIOTERAPEUTA;Activo;;;Acreditación de alta calidad;5025;24/03/2021;13/04/2021;4;01/04/2001;Salud y Bienestar;Salud;Fisioterapia, Fonoaudiología, Terapia ocupacional, Nutrición y afines;Ciencias de la salud;Terapias;Pregrado;Universitario;Presencial;164;10;Semestral;No;Semestral;N;Norte de Santander;Pamplona;3250000;;
1212;1212;UNIVERSIDAD DE PAMPLONA;Activa;Universidad;Oficial;;17524;121246170895451811100;FONOAUDIOLOGIA;Fonoaudiólogo / Fonoaudióloga;Activo;;;Registro calificado;9371;07/06/2023;27/06/2023;7;27/06/2023;Salud y Bienestar;Salud;Fisioterapia, Fonoaudiología, Terapia ocupacional, Nutrición y afines;Ciencias de la salud;Terapias;Pregrado;Universitario;Presencial;147;9;Semestral;No;Semestral;N;Norte de Santander;Pamplona;2080000;;
1212;1212;UNIVERSIDAD DE PAMPLONA;Activa;Universidad;Oficial;;51836;121245510005451811500;GEOLOGIA;GEOLOGO;Activo;;;Registro calificado;24237;23/12/2021;30/12/2021;7;11/01/2006;Ciencias Naturales, Matemáticas y Estadística;Programas y certificaciones interdisciplinarios relativos a ciencias naturales, matemáticas y estadística;Programas y certificaciones interdisciplinarios relativos a ciencias naturales, matemáticas y estadística;Matemáticas y ciencias naturales;Geología, otros programas de ciencias naturales;Pregrado;Universitario;Presencial;163;10;Semestral;No;Anual;N;Norte de Santander;Villa del Rosario;2080000;;
1212;1212;UNIVERSIDAD DE PAMPLONA;Activa;Universidad;Oficial;;17733;121246303335451811100;INGENIER¿A AGRON¿MICA;INGENIERO AGR¿NOMO;Activo;;;Registro calificado;7117;28/04/2023;16/05/2023;7;30/10/2002;Agropecuario, Silvicultura, Pesca y Veterinaria;Agropecuario;Producción agrícola y ganadera;Agronomía, veterinaria y afines;Agronomía;Pregrado;Universitario;Presencial;164;10;Semestral;No;Semestral;N;Norte de Santander;Pamplona;1820000;;
1212;1212;UNIVERSIDAD DE PAMPLONA;Activa;Universidad;Oficial;;9806;121246280005451811100;INGENIERIA AMBIENTAL;INGENIERO  AMBIENTAL;Activo;;;Registro calificado;11399;02/07/2020;20/10/2020;7;04/02/2000;Ingeniería, Industria y Construcción;Ingeniería y profesiones afines;Ingeniería y profesiones afines no clasificadas en otra parte;Ingeniería, arquitectura, urbanismo y afines;Ingeniería ambiental, sanitaria y afines;Pregrado;Universitario;Presencial;164;10;Semestral;No;Semestral;N;Norte de Santander;Pamplona;1820000;;
1212;1212;UNIVERSIDAD DE PAMPLONA;Activa;Universidad;Oficial;;52397;52397;INGENIERIA CIVIL;INGENIERIO CIVIL;Activo;;;Registro calificado;15940;01/09/2023;20/09/2023;7;20/09/2023;Ingeniería, Industria y Construcción;Arquitectura y construcción;Construcción e ingeniería civil;Ingeniería, arquitectura, urbanismo y afines;Ingeniería civil y afines;Pregrado;Universitario;Presencial;159;10;Semestral;No;Semestral;N;Norte de Santander;Pamplona;1820000;;
1212;1212;UNIVERSIDAD DE PAMPLONA;Activa;Universidad;Oficial;;2890;121246640005451811100;INGENIERIA DE ALIMENTOS;INGENIERO DE ALIMENTOS;Activo;;;Acreditación de alta calidad;436;21/01/2019;12/04/2018;6;21/03/1998;Ingeniería, Industria y Construcción;Ingeniería y profesiones afines;Ingeniería y profesiones afines no clasificadas en otra parte;Ingeniería, arquitectura, urbanismo y afines;Ingeniería agroindustrial, alimentos y afines;Pregrado;Universitario;Presencial;164;10;Semestral;No;Semestral;N;Norte de Santander;Pamplona;1820000;;
1212;1212;UNIVERSIDAD DE PAMPLONA;Activa;Universidad;Oficial;;9245;121240030005451811100;INGENIERIA DE SISTEMAS;INGENIERO DE SISTEMAS;Activo;;;Acreditación de alta calidad;5549;05/04/2023;25/04/2023;4;14/09/1999;Ingeniería, Industria y Construcción;Ingeniería y profesiones afines;Electrónica y automatización;Ingeniería, arquitectura, urbanismo y afines;Ingeniería de sistemas, telemática y afines;Pregrado;Universitario;Presencial;164;10;Semestral;No;Semestral;N;Norte de Santander;Pamplona;1820000;;
1212;1212;UNIVERSIDAD DE PAMPLONA;Activa;Universidad;Oficial;;9818;121246210305451811100;INGENIERIA ELECTRICA;Ingeniero Electrico / Ingeniera Electrica;Activo;;;Registro calificado;13230;17/07/2020;18/11/2020;7;18/11/2020;Ingeniería, Industria y Construcción;Ingeniería y profesiones afines;Electricidad y energía;Ingeniería, arquitectura, urbanismo y afines;Ingeniería eléctrica y afines;Pregrado;Universitario;Presencial;164;10;Semestral;No;Semestral;N;Norte de Santander;Pamplona;1820000;;
1212;1212;UNIVERSIDAD DE PAMPLONA;Activa;Universidad;Oficial;;2889;121246210385451811100;INGENIERIA ELECTRONICA;INGENIERO ELECTRONICO;Activo;;;Acreditación de alta calidad;8998;05/06/2018;10/06/2016;4;21/03/1998;Ingeniería, Industria y Construcción;Ingeniería y profesiones afines;Electrónica y automatización;Ingeniería, arquitectura, urbanismo y afines;Ingeniería electrónica, telecomunicaciones y afines;Pregrado;Universitario;Presencial;164;10;Semestral;No;Semestral;N;Norte de Santander;Pamplona;1820000;;
1212;1212;UNIVERSIDAD DE PAMPLONA;Activa;Universidad;Oficial;;11874;121243840005400111100;INGENIERIA EN TELECOMUNICACIONES;INGENIERO EN TELECOMUNICACIONES;Activo;;;Acreditación de alta calidad;12692;24/07/2023;11/08/2023;4;03/05/2001;Ingeniería, Industria y Construcción;Ingeniería y profesiones afines;Electrónica y automatización;Ingeniería, arquitectura, urbanismo y afines;Ingeniería electrónica, telecomunicaciones y afines;Pregrado;Universitario;Presencial;164;10;Semestral;No;Semestral;N;Norte de Santander;Pamplona;1820000;;
1212;1212;UNIVERSIDAD DE PAMPLONA;Activa;Universidad;Oficial;;9899;121246700425451811100;INGENIERIA INDUSTRIAL;Ingeniero Industrial / Ingeniera Industrial;Activo;;;Registro calificado;6473;26/06/2019;26/06/2019;7;26/06/2019;Ingeniería, Industria y Construcción;Ingeniería y profesiones afines;Ingeniería y profesiones afines no clasificadas en otra parte;Ingeniería, arquitectura, urbanismo y afines;Ingeniería industrial y afines;Pregrado;Universitario;Presencial;145;9;Semestral;No;Semestral;N;Norte de Santander;Pamplona;1820000;;
1212;1212;UNIVERSIDAD DE PAMPLONA;Activa;Universidad;Oficial;;11455;121246210005451811100;INGENIERIA MECANICA;INGENIERO MECANICO;Activo;;;Acreditación de alta calidad;15950;18/12/2019;12/04/2019;4;05/03/2001;Ingeniería, Industria y Construcción;Ingeniería y profesiones afines;Mecánica y profesiones afines a la metalistería;Ingeniería, arquitectura, urbanismo y afines;Ingeniería mecánica y afines;Pregrado;Universitario;Presencial;164;10;Semestral;No;Semestral;N;Norte de Santander;Pamplona;1820000;;
1212;1212;UNIVERSIDAD DE PAMPLONA;Activa;Universidad;Oficial;;9717;121246290805451811100;INGENIERIA MECATRONICA;INGENIERO EN MECATRONICA;Activo;;;Acreditación de alta calidad;3640;01/04/2024;17/04/2024;6;01/02/2000;Ingeniería, Industria y Construcción;Ingeniería y profesiones afines;Ingeniería y profesiones afines no clasificadas en otra parte;Ingeniería, arquitectura, urbanismo y afines;Ingeniería mecánica y afines;Pregrado;Universitario;Presencial;163;10;Semestral;No;Semestral;N;Norte de Santander;Pamplona;1820000;;
1212;1212;UNIVERSIDAD DE PAMPLONA;Activa;Universidad;Oficial;;53408;53408;INGENIERÍA QUÍMICA;INGENIERO (A) QUIMICO (A);Activo;;;Registro calificado;16506;18/08/2022;22/08/2022;7;22/08/2022;Ingeniería, Industria y Construcción;Ingeniería y profesiones afines;Ingeniería y procesos químicos;Ingeniería, arquitectura, urbanismo y afines;Ingeniería química y afines;Pregrado;Universitario;Presencial;163;10;Semestral;No;Semestral;N;Norte de Santander;Pamplona;1820000;;
1212;1212;UNIVERSIDAD DE PAMPLONA;Activa;Universidad;Oficial;;11334;121243726135451811100;LICENCIATURA  PEDAGOGIA INFANTIL;LICENCIADO(A) EN PEDAGOGIA INFANTIL;Inactivo;;;Registro calificado;6684;12/08/2011;;7;31/01/2001;Educación;Educación;Formación para docentes sin asignatura de especialización;Ciencias de la educación;Educación;Pregrado;Universitario;Presencial;164;10;Semestral;No;Semestral;N;Norte de Santander;Pamplona;;;
1212;1212;UNIVERSIDAD DE PAMPLONA;Activa;Universidad;Oficial;;106652;106652;LICENCIATURA EDUCACIÓN INFANTIL;LICENCIADO(A) EN EDUCACIÓN INFANTIL;Activo;;;Acreditación de alta calidad;1041;03/02/2023;20/02/2023;6;14/01/2018;Educación;Educación;Ciencias de la educación;Ciencias de la educación;Educación;Pregrado;Universitario;Presencial;164;10;Semestral;No;Semestral;N;Norte de Santander;Pamplona;;;
1212;1212;UNIVERSIDAD DE PAMPLONA;Activa;Universidad;Oficial;;11351;121243703005451811100;LICENCIATURA EN CIENCIAS SOCIALES;LICENCIADO(A) EN CIENCIAS SOCIALES;Inactivo;;;Registro calificado;;;;7;01/02/2001;Educación;Educación;Ciencias de la educación;Ciencias de la educación;Educación;Pregrado;Universitario;Presencial;158;10;Semestral;No;Semestral;N;Norte de Santander;Pamplona;;;
1212;1212;UNIVERSIDAD DE PAMPLONA;Activa;Universidad;Oficial;;116220;;LICENCIATURA EN CIENCIAS SOCIALES;LICENCIADO EN CIENCIAS SOCIALES  / LICENCIADA EN CIENCIAS SOCIALES;Activo;;;Registro calificado;13068;31/07/2023;17/08/2023;7;17/08/2023;Ciencias Sociales, Periodismo e Información;Ciencias sociales y del comportamiento;Ciencias políticas y educación cívica;Ciencias sociales y humanas;Geografía, historia;Pregrado;Universitario;Presencial;164;10;Semestral;No;Semestral;N;Norte de Santander;Pamplona;;;
1212;1212;UNIVERSIDAD DE PAMPLONA;Activa;Universidad;Oficial;;104562;104562;LICENCIATURA EN CIENCIAS SOCIALES Y DESARROLLO LOCAL;LICENCIADO EN CIENCIAS SOCIALES Y DESARROLLO LOCAL;Activo;;;Registro calificado;7589;27/05/2015;28/05/2015;7;28/05/2015;Ciencias Sociales, Periodismo e Información;Ciencias sociales y del comportamiento;Ciencias políticas y educación cívica;Ciencias sociales y humanas;Geografía, historia;Pregrado;Universitario;Presencial;160;10;Semestral;No;Semestral;N;Norte de Santander;Pamplona;1820000;30/09/2024;PROGRAMAS DE ENTIDADES AUTORIZADAS A MATRICULAR NUEVOS ESTUDIANTES HASTA EL 30 DE SEPTIEMBRE DE 2024
1212;1212;UNIVERSIDAD DE PAMPLONA;Activa;Universidad;Oficial;;869;121243703805451811100;LICENCIATURA EN COMERCIO;LICENCIADO EN COMERCIO;Inactivo;;;n/a;;;;;21/03/1998;Educación;Educación;Formación para docentes sin asignatura de especialización;Ciencias de la educación;Educación;Pregrado;Universitario;Presencial;158;10;Semestral;No;Anual;N;Norte de Santander;Pamplona;;;
1212;1212;UNIVERSIDAD DE PAMPLONA;Activa;Universidad;Oficial;;11353;121243703805451812300;LICENCIATURA EN COMERCIO;LICENCIADO(A) EN COMERC IO;Inactivo;;;Registro calificado;;;;7;05/02/2001;Educación;Educación;Formación para docentes sin asignatura de especialización;Ciencias de la educación;Educación;Pregrado;Universitario;A distancia;158;10;Semestral;No;Semestral;N;Norte de Santander;Pamplona;;;
1212;1212;UNIVERSIDAD DE PAMPLONA;Activa;Universidad;Oficial;;11350;121243720505451811101;LICENCIATURA EN EDUCACION ARTISTICA;LICENCIADO(A) EN EDUCACION ARTISTICA;Inactivo;;Renovación de registro calificado negado.;Registro calificado;3862;11/05/2011;;7;01/02/2001;Educación;Educación;Ciencias de la educación;Ciencias de la educación;Educación;Pregrado;Universitario;Presencial;152;10;Semestral;No;Semestral;N;Norte de Santander;Pamplona;;;
1212;1212;UNIVERSIDAD DE PAMPLONA;Activa;Universidad;Oficial;;11595;121243720505400101100;LICENCIATURA EN EDUCACION ARTISTICA;LICENCIADO(A) EN EDUCACION ARTISTICA;Inactivo;;;Registro calificado;;;;7;03/04/2001;Educación;Educación;Ciencias de la educación;Ciencias de la educación;Educación;Pregrado;Universitario;Presencial;152;10;Semestral;No;Semestral;N;Norte de Santander;San José de Cúcuta;;;
1212;1212;UNIVERSIDAD DE PAMPLONA;Activa;Universidad;Oficial;;104527;104527;LICENCIATURA EN EDUCACIÓN ARTÍSTICA;LICENCIADO EN EDUCACIÓN ARTÍSTICA / LICENCIADA EN EDUCACIÓN ARTÍSTICA;Activo;;;Registro calificado;11065;08/07/2024;24/07/2024;7;24/07/2024;Educación;Educación;Ciencias de la educación;Ciencias de la educación;Educación;Pregrado;Universitario;Presencial;158;10;Semestral;No;Semestral;N;Norte de Santander;San José de Cúcuta;1820000;;
1212;1212;UNIVERSIDAD DE PAMPLONA;Activa;Universidad;Oficial;;11333;121245003705451812300;LICENCIATURA EN EDUCACION BASICA CON ENFASIS EN CIENCIAS NATURALES Y EDUCACION AMBIENTAL;LICENCIADO(A) EN EDUCACION BASICA  CON ENFASIS EN CIENCIAS NATURALES Y EDUCACION AMBIENTAL;Inactivo;;;Registro calificado;;;;7;31/01/2001;Educación;Educación;Formación para docentes sin asignatura de especialización;Ciencias de la educación;Educación;Pregrado;Universitario;A distancia;160;10;Semestral;No;Semestral;N;Norte de Santander;Pamplona;;;
1212;1212;UNIVERSIDAD DE PAMPLONA;Activa;Universidad;Oficial;;4541;121243726135451812300;LICENCIATURA EN EDUCACION BASICA CON ENFASIS EN EDUCACION FISICA, RECREACION Y DEPORTES;LICENCIADO(A) EN EDUCACION BASICA CON ENFASIS EN EDUCACION FISICA, RECREACION Y DEPORTES;Activo;;;Registro calificado;12334;29/12/2011;18/11/2011;7;21/03/1998;Educación;Educación;Formación para docentes sin asignatura de especialización;Ciencias de la educación;Educación;Pregrado;Universitario;A distancia;154;10;Semestral;No;Semestral;N;Norte de Santander;Pamplona;;;
1212;1212;UNIVERSIDAD DE PAMPLONA;Activa;Universidad;Oficial;;866;121246137905451811100;LICENCIATURA EN EDUCACION BASICA CON ENFASIS EN EDUCACION FISICA, RECREACION Y DEPORTES;LICENCIADO(A) EN EDUCACION BASICA CON ENFASIS EN EDUCACION FISICA,RECREACION Y DEPORTES;Inactivo;;;Acreditación de alta calidad;11250;02/06/2017;;4;21/03/1998;Educación;Educación;Formación para docentes sin asignatura de especialización;Ciencias de la educación;Educación;Pregrado;Universitario;Presencial;164;10;Semestral;No;Anual;N;Norte de Santander;Pamplona;;;
1212;1212;UNIVERSIDAD DE PAMPLONA;Activa;Universidad;Oficial;;4549;121243723005451812300;LICENCIATURA EN EDUCACION BASICA ENFASIS EN CIENCIAS SOCIALES;LICENCIADO EN EDUCACION BASICA CON ENFASIS EN CIENCIAS SOCIALES;Inactivo;;;Registro calificado;;;;7;21/03/1998;Educación;Educación;Formación para docentes sin asignatura de especialización;Ciencias de la educación;Educación;Pregrado;Universitario;A distancia;157;10;Semestral;No;Semestral;N;Norte de Santander;Pamplona;;;
1212;1212;UNIVERSIDAD DE PAMPLONA;Activa;Universidad;Oficial;;20381;121243710905451811102;LICENCIATURA EN EDUCACION ESPECIAL;LICENCIADO EN EDUCACION ESPECIAL;Inactivo;;;Registro calificado;3170;11/12/2003;19/02/2004;7;19/03/2004;Educación;Educación;Formación para docentes sin asignatura de especialización;Ciencias de la educación;Educación;Pregrado;Universitario;Presencial;163;10;Semestral;No;Semestral;N;Norte de Santander;Pamplona;;;
1212;1212;UNIVERSIDAD DE PAMPLONA;Activa;Universidad;Oficial;;109336;109336;LICENCIATURA EN EDUCACIÓN FÍSICA, RECREACIÓN Y DEPORTES;LICENCIADO EN EDUCACIÓN FÍSICA, RECREACIÓN Y DEPORTES;Activo;;;Registro calificado;7102;11/05/2020;13/05/2020;7;23/07/2020;Educación;Educación;Ciencias de la educación;Ciencias de la educación;Educación;Pregrado;Universitario;A distancia;164;10;Semestral;No;Semestral;N;Norte de Santander;Pamplona;;;
1212;1212;UNIVERSIDAD DE PAMPLONA;Activa;Universidad;Oficial;;106502;106502;LICENCIATURA EN EDUCACIÓN FÍSICA RECREACIÓN Y DEPORTES;LICENCIADO EN EDUCACIÓN FÍSICA, RECREACIÓN Y DEPORTES;Activo;;;Acreditación de alta calidad;10052;23/06/2023;12/07/2023;7;12/07/2023;Educación;Educación;Ciencias de la educación;Ciencias de la educación;Educación;Pregrado;Universitario;Presencial;164;10;Semestral;No;Semestral;N;Norte de Santander;Pamplona;1820000;;
1212;1212;UNIVERSIDAD DE PAMPLONA;Activa;Universidad;Oficial;;106597;106597;LICENCIATURA EN HUMANIDADES Y LENGUA CASTELLANA;LICENCIADO (A) EN HUMANIDADES Y LENGUA CASTELLANA;Inactivo;;;Registro calificado;11156;20/12/2010;;7;10/12/2017;Educación;Educación;Ciencias de la educación;Ciencias de la educación;Educación;Pregrado;Universitario;Presencial;164;10;Semestral;No;Semestral;N;Norte de Santander;Pamplona;;;
1212;1212;UNIVERSIDAD DE PAMPLONA;Activa;Universidad;Oficial;;106598;106598;LICENCIATURA EN HUMANIDADES Y LENGUA CASTELLANA;LICENCIADO (A) EN HUMANIDADES Y LENGUA CASTELLANA;Inactivo;;Registro calificado no renovado;n/a;;;;;10/12/2017;Educación;Educación;Ciencias de la educación;Ciencias de la educación;Educación;Pregrado;Universitario;Presencial;164;10;Semestral;No;Semestral;N;Norte de Santander;Pamplona;;;
1212;1212;UNIVERSIDAD DE PAMPLONA;Activa;Universidad;Oficial;;108368;108368;LICENCIATURA EN HUMANIDADES Y LENGUA CASTELLANA.;LICENCIADO (A) EN HUMANIDADES Y LENGUA CASTELLANA;Inactivo;;Registro calificado no renovado;Registro calificado;6472;26/06/2019;;7;30/09/2019;Educación;Educación;Ciencias de la educación;Ciencias de la educación;Educación;Pregrado;Universitario;Presencial;164;10;Semestral;No;Semestral;N;Norte de Santander;Pamplona;;;
1212;1212;UNIVERSIDAD DE PAMPLONA;Activa;Universidad;Oficial;;108369;108369;LICENCIATURA EN HUMANIDADES Y LENGUA CASTELLANA.;LICENCIADO (A) EN HUMANIDADES Y LENGUA CASTELLANA;Activo;;;Registro calificado;6472;26/06/2019;26/06/2019;7;26/06/2019;Educación;Educación;Ciencias de la educación;Ciencias de la educación;Educación;Pregrado;Universitario;Presencial;164;10;Semestral;No;Semestral;N;Norte de Santander;San José de Cúcuta;;;
1212;1212;UNIVERSIDAD DE PAMPLONA;Activa;Universidad;Oficial;;4261;121244003705451811100;LICENCIATURA EN LENGUA CASTELLANA Y COMUNICACION;LICENCIADO(A) EN LENGUA CASTELLANA Y COMUNICACION;Inactivo;;;Registro calificado;11156;20/12/2010;;7;21/03/1998;Educación;Educación;Formación para docentes sin asignatura de especialización;Ciencias de la educación;Educación;Pregrado;Universitario;Presencial;162;10;Semestral;No;Semestral;N;Norte de Santander;Pamplona;;;
1212;1212;UNIVERSIDAD DE PAMPLONA;Activa;Universidad;Oficial;;11335;121243700195451812300;LICENCIATURA EN LENGUA CASTELLANA Y COMUNICACION;LICENCIADO(A) EN LENGUA CASTELLANA Y COMUNICACION;Inactivo;;Renovación de registro calificado negado.;n/a;11924;16/12/2011;;;31/01/2001;Educación;Educación;Formación para docentes sin asignatura de especialización;Ciencias de la educación;Educación;Pregrado;Universitario;A distancia;158;10;Semestral;No;Semestral;N;Norte de Santander;San José de Cúcuta;;;
1212;1212;UNIVERSIDAD DE PAMPLONA;Activa;Universidad;Oficial;;870;121244103705451811100;LICENCIATURA EN LENGUAS EXTRANJERAS: INGLES-FRANCES;LICENCIADO(A) EN LENGUAS EXTRANJERAS:INGLES-FRANCES;Activo;;;Acreditación de alta calidad;10741;06/07/2023;25/07/2023;7;25/07/2023;Educación;Educación;Ciencias de la educación;Ciencias de la educación;Educación;Pregrado;Universitario;Presencial;164;10;Semestral;No;Semestral;N;Norte de Santander;Pamplona;1820000;;
1212;1212;UNIVERSIDAD DE PAMPLONA;Activa;Universidad;Oficial;;20382;121245103705451811102;LICENCIATURA EN MATEMATICAS Y COMPUTACION;LICENCIADO EN MATEMATICAS Y COMPUTACION;Inactivo;;Renovación de registro calificado negado.;Registro calificado;3168;11/12/2003;19/02/2004;7;19/03/2004;Educación;Educación;Formación para docentes sin asignatura de especialización;Ciencias de la educación;Educación;Pregrado;Universitario;Presencial;164;10;Semestral;No;Semestral;N;Norte de Santander;Pamplona;;;
1212;1212;UNIVERSIDAD DE PAMPLONA;Activa;Universidad;Oficial;;106497;106497;MAESTRÍA EN ADMINISTRACIÓN;MAGISTER EN ADMINISTRACIÓN;Activo;;;Registro calificado;19668;28/09/2017;28/09/2017;7;08/10/2017;Administración de Empresas y Derecho;Educación comercial y administración;Gestión y administración;Economía, administración, contaduría y afines;Administración;Posgrado;Maestría;A distancia;48;4;Semestral;No;Semestral;N;Norte de Santander;Pamplona;8424000;30/09/2025;ARTÍCULO TRANSITORIO 2.5.3.2.12.1 LITERAL B) DEL DECRETO 1075 DE 2015, MODIFICADO POR EL DECRETO 1174 DE 2023.
1212;1212;UNIVERSIDAD DE PAMPLONA;Activa;Universidad;Oficial;;20399;121265746605451811100;MAESTRIA EN BIOLOGIA MOLECULAR Y BIOTECNOLOGIA;MAG¿STER EN BIOLOG¿A MOLECULAR Y BIOTECNOLOG¿A;Activo;;;Registro calificado;5258;07/04/2022;26/04/2022;7;05/04/2004;Ciencias Naturales, Matemáticas y Estadística;Ciencias biológicas y afines;Bioquímica;Matemáticas y ciencias naturales;Biología, microbiología y afines;Posgrado;Maestría;Presencial;48;4;Semestral;No;Anual;N;Norte de Santander;Pamplona;12636000;;
1212;1212;UNIVERSIDAD DE PAMPLONA;Activa;Universidad;Oficial;;54277;54277;MAESTRIA EN BIOLOGIA MOLECULAR Y BIOTECNOLOGIA;MAGISTER EN BIOLOGIA MOLECULAR Y BIOTECNOLOGIA;Inactivo;;Por solicitud de la ies 11-sep-18;Registro calificado;527;01/02/2010;;7;17/12/2008;Ciencias Naturales, Matemáticas y Estadística;Ciencias biológicas y afines;Bioquímica;Matemáticas y ciencias naturales;Biología, microbiología y afines;Posgrado;Maestría;Presencial;48;4;Semestral;No;;N;Norte de Santander;Pamplona;;;
1212;1212;UNIVERSIDAD DE PAMPLONA;Activa;Universidad;Oficial;;20978;121265740195451811100;MAESTRIA EN BIOQUIMICA;MAGISTER EN BIOQUIMICA;Inactivo;;Inactivar por vencimiento;Registro calificado;485;14/02/2005;14/02/2005;7;18/02/2005;Ciencias Naturales, Matemáticas y Estadística;Ciencias biológicas y afines;Bioquímica;Matemáticas y ciencias naturales;Biología, microbiología y afines;Posgrado;Maestría;Presencial;48;4;Semestral;No;Semestral;N;Norte de Santander;Pamplona;;;
1212;1212;UNIVERSIDAD DE PAMPLONA;Activa;Universidad;Oficial;;19952;121266640005451811100;MAESTRIA EN CIENCIA Y TECNOLOGIA DE LOS ALIMENTOS;MAGISTER EN CIENCIA Y TECNOLOGIA DE ALIMENTOS;Activo;;;Registro calificado;21043;07/11/2023;24/11/2023;7;24/11/2023;Ingeniería, Industria y Construcción;Ingeniería y profesiones afines;Ingeniería y profesiones afines no clasificadas en otra parte;Ingeniería, arquitectura, urbanismo y afines;Ingeniería agroindustrial, alimentos y afines;Posgrado;Maestría;Presencial;48;4;Semestral;No;Anual;N;Norte de Santander;Pamplona;9828000;;
1212;1212;UNIVERSIDAD DE PAMPLONA;Activa;Universidad;Oficial;;107378;107378;MAESTRÍA EN CIENCIAS AGRARIAS;MAGISTER EN CIENCIAS AGRARIAS;Activo;;;Registro calificado;25605;27/12/2024;16/01/2025;7;16/01/2025;Agropecuario, Silvicultura, Pesca y Veterinaria;Agropecuario;Producción agrícola y ganadera;Agronomía, veterinaria y afines;Agronomía;Posgrado;Maestría;Presencial;48;4;Semestral;No;Anual;N;Norte de Santander;Pamplona;7722000;;
1212;1212;UNIVERSIDAD DE PAMPLONA;Activa;Universidad;Oficial;;19869;121266130705451811100;MAESTRIA EN CIENCIAS DE LA ACTIVIDAD FISICA Y DEL DEPORTE;MAGISTER EN CIENCIAS DE LA ACTIVIDAD FISICA Y DEL DEPORTE;Activo;;;Registro calificado;9937;21/06/2023;07/07/2023;7;07/07/2023;Educación;Educación;Ciencias de la educación;Ciencias sociales y humanas;Deportes, educación física y recreación;Posgrado;Maestría;Presencial;48;4;Semestral;No;Semestral;N;Norte de Santander;Pamplona;10530000;;
1212;1212;UNIVERSIDAD DE PAMPLONA;Activa;Universidad;Oficial;;104842;104842;MAESTRÍA EN CIENCIAS ECONÓMICAS;MAGÍSTER EN CIENCIAS ECONÓMICAS;Activo;;;Registro calificado;24848;20/12/2023;10/01/2024;7;10/01/2024;Administración de Empresas y Derecho;Educación comercial y administración;Gestión y administración;Economía, administración, contaduría y afines;Administración;Posgrado;Maestría;Virtual;48;4;Semestral;No;Semestral;N;Santander;Bucaramanga;;;
1212;1212;UNIVERSIDAD DE PAMPLONA;Activa;Universidad;Oficial;;105834;105834;MAESTRIA EN COMUNICACION CULTURA Y FRONTERA;MAGISTER EN COMUNICACION CULTURA Y FRONTERA;Activo;;;Registro calificado;17803;29/09/2023;17/10/2023;7;17/10/2023;Ciencias Sociales, Periodismo e Información;Periodismo e información;Periodismo, comunicación y reportajes;Ciencias sociales y humanas;Comunicación social, periodismo y afines;Posgrado;Maestría;Presencial;40;4;Semestral;No;Semestral;N;Norte de Santander;San José de Cúcuta;8424000;;
1212;1212;UNIVERSIDAD DE PAMPLONA;Activa;Universidad;Oficial;;105011;105011;MAESTRÍA EN COMUNICACIÓN MULTILINGÜE Y GESTIÓN DEL CONOCIMIENTO;MAGISTER EN COMUNICACIÓN MULTILINGÜE Y GESTOR DEL CONOCIMIENTO;Activo;;;Registro calificado;14362;07/09/2015;13/10/2015;7;15/10/2015;Administración de Empresas y Derecho;Educación comercial y administración;Gestión y administración;Ciencias de la educación;Educación;Posgrado;Maestría;Presencial;48;4;Semestral;No;Anual;N;Norte de Santander;Pamplona;;;
1212;1212;UNIVERSIDAD DE PAMPLONA;Activa;Universidad;Oficial;;20651;121266813385451811100;MAESTRIA EN CONTROLES INDUSTRIALES;MAGÍSTER EN CONTROLES INDUSTRIALES;Activo;;;Acreditación de alta calidad;21359;11/11/2020;30/11/2020;6;12/11/2004;Ingeniería, Industria y Construcción;Ingeniería y profesiones afines;Electrónica y automatización;Ingeniería, arquitectura, urbanismo y afines;Ingeniería industrial y afines;Posgrado;Maestría;Presencial;48;4;Semestral;No;Anual;N;Norte de Santander;Pamplona;8424000;;
1212;1212;UNIVERSIDAD DE PAMPLONA;Activa;Universidad;Oficial;;52547;52547;MAESTRÍA EN EDUCACIÓN;MAGISTER EN EDUCACIÓN;Activo;;;Registro calificado;3320;28/02/2023;15/03/2023;7;15/03/2023;Educación;Educación;Ciencias de la educación;Ciencias de la educación;Educación;Posgrado;Maestría;Presencial;42;4;Semestral;No;Anual;N;Norte de Santander;Pamplona;8424000;;
1212;1212;UNIVERSIDAD DE PAMPLONA;Activa;Universidad;Oficial;;104767;104767;MAESTRÍA EN EDUCACIÓN;MAGISTER EN EDUCACIÓN;Activo;;;Registro calificado;10567;14/07/2015;23/07/2015;7;26/07/2015;Educación;Educación;Ciencias de la educación;Ciencias de la educación;Educación;Posgrado;Maestría;Virtual;43;4;Semestral;No;Semestral;N;Norte de Santander;Pamplona;;;
1212;1212;UNIVERSIDAD DE PAMPLONA;Activa;Universidad;Oficial;;116858;;Maestría en Educación;Magister en Educación;Activo;;;Registro calificado;5631;25/04/2024;15/05/2024;7;15/05/2024;Educación;Educación;Ciencias de la educación;Sin información;Sin clasificar;Posgrado;Maestría;Virtual;43;4;Semestral;No;Semestral;N;Norte de Santander;Pamplona;8424000;;
1212;1212;UNIVERSIDAD DE PAMPLONA;Activa;Universidad;Oficial;;105602;105602;MAESTRIA EN EXTENSION Y DESARROLLO RURAL;MAGISTER EN EXTENSIÓN Y DESARROLLO RURAL;Activo;;;Registro calificado;9932;21/06/2023;07/07/2023;7;07/07/2023;Agropecuario, Silvicultura, Pesca y Veterinaria;Agropecuario;Agropecuario no clasificado en otra parte;Agronomía, veterinaria y afines;Agronomía;Posgrado;Maestría;Presencial;40;4;Semestral;No;Anual;N;Norte de Santander;Pamplona;7722000;;
1212;1212;UNIVERSIDAD DE PAMPLONA;Activa;Universidad;Oficial;;51754;121265300005451811500;MAESTRIA EN FISICA;MAGISTER EN FISICA;Activo;;;Registro calificado;8305;28/05/2020;20/10/2020;7;23/11/2005;Ciencias Naturales, Matemáticas y Estadística;Ciencias físicas;Física;Matemáticas y ciencias naturales;Física;Posgrado;Maestría;Presencial;45;4;Semestral;No;Anual;N;Norte de Santander;Pamplona;8424000;;
1212;1212;UNIVERSIDAD DE PAMPLONA;Activa;Universidad;Oficial;;51886;121266580505451811500;MAESTRIA EN GESTION DE LA CALIDAD EN EDUCACION SUPERIOR;MAGISTER EN GESTION DE LA CALIDAD EN EDUCACION SUPERIOR;Inactivo;;Registro calificado no renovado;n/a;4254;23/09/2005;23/09/2005;;07/02/2006;Administración de Empresas y Derecho;Educación comercial y administración;Gestión y administración;Economía, administración, contaduría y afines;Administración;Posgrado;Maestría;Presencial;48;4;Semestral;No;Sin definir;N;Norte de Santander;Pamplona;;;
1212;1212;UNIVERSIDAD DE PAMPLONA;Activa;Universidad;Oficial;;51875;121266580045451811501;MAESTRIA EN GESTION DE PROYECTOS INFORMATICOS;MAGISTER EN GESTION DE PROYECTOS INFORMATICOS;Activo;;;Registro calificado;8932;27/08/2019;27/08/2019;7;25/01/2006;Administración de Empresas y Derecho;Educación comercial y administración;Educación comercial y administración no clasificados en otra parte;Economía, administración, contaduría y afines;Administración;Posgrado;Maestría;Presencial;46;4;Semestral;No;Semestral;S;Norte de Santander;Pamplona;8424000;;
1212;1212;UNIVERSIDAD DE PAMPLONA;Activa;Universidad;Oficial;;53817;53817;MAESTRÍA EN INGENIERIA AMBIENTAL;MAGISTER EN INGENIERIA AMBIENTAL;Activo;;;Registro calificado;3664;02/03/2018;02/03/2018;7;11/07/2008;Ingeniería, Industria y Construcción;Ingeniería y profesiones afines;Tecnología de protección del medio ambiente;Ingeniería, arquitectura, urbanismo y afines;Ingeniería ambiental, sanitaria y afines;Posgrado;Maestría;Presencial;48;4;Semestral;No;Anual;N;Norte de Santander;Pamplona;9828000;31/12/2025;ARTÍCULO TRANSITORIO 2.5.3.2.12.1 LITERAL C) DEL DECRETO 1075 DE 2015, MODIFICADO POR EL DECRETO 1174 DE 2023.
1212;1212;UNIVERSIDAD DE PAMPLONA;Activa;Universidad;Oficial;;103487;103487;MAESTRÍA EN INGENIERÍA INDUSTRIAL;MAGISTER EN INGENIERÍA INDUSTRIAL;Activo;;;Registro calificado;3314;03/03/2021;18/03/2021;7;24/07/2014;Ingeniería, Industria y Construcción;Arquitectura y construcción;Construcción e ingeniería civil;Ingeniería, arquitectura, urbanismo y afines;Ingeniería industrial y afines;Posgrado;Maestría;Presencial;48;4;Semestral;No;Semestral;N;Norte de Santander;Pamplona;8424000;;
1212;1212;UNIVERSIDAD DE PAMPLONA;Activa;Universidad;Oficial;;52655;52655;MAESTRÍA EN PAZ, DESARROLLO Y RESOLUCIÓN DE CONFLICTOS;MAGISTER EN PAZ, DESARROLLO Y RESOLUCIÓN DE CONFLICTOS;Activo;;;Registro calificado;3319;28/02/2023;15/03/2023;7;15/03/2023;Ciencias Sociales, Periodismo e Información;Ciencias sociales y del comportamiento;Ciencias políticas y educación cívica;Ciencias sociales y humanas;Ciencia política, relaciones internacionales;Posgrado;Maestría;Presencial;48;4;Semestral;No;Anual;N;Norte de Santander;Pamplona;8424000;;
1212;1212;UNIVERSIDAD DE PAMPLONA;Activa;Universidad;Oficial;;20979;121265400005451811100;MAESTRIA EN QUIMICA;MAGISTER EN QUIMICA;Activo;;;Registro calificado;12311;08/07/2021;08/07/2021;7;18/02/2005;Ciencias Naturales, Matemáticas y Estadística;Ciencias físicas;Química;Matemáticas y ciencias naturales;Química y afines;Posgrado;Maestría;Presencial;48;4;Semestral;No;Anual;N;Norte de Santander;Pamplona;;;
1212;1212;UNIVERSIDAD DE PAMPLONA;Activa;Universidad;Oficial;;106365;106365;MATEMÁTICA APLICADA;MATEMÁTICO;Activo;;;Registro calificado;25502;27/12/2023;15/01/2024;7;15/01/2024;Ciencias Naturales, Matemáticas y Estadística;Matemáticas y estadística;Matemáticas;Matemáticas y ciencias naturales;Matemáticas, estadística y afines;Pregrado;Universitario;Presencial;162;10;Semestral;No;Semestral;N;Norte de Santander;Pamplona;1820000;;
1212;1212;UNIVERSIDAD DE PAMPLONA;Activa;Universidad;Oficial;;17732;121245100005451811101;MATEMATICAS;MATEMATICO;Inactivo;;;Registro calificado;1348;16/06/2003;16/06/2003;7;31/10/2002;Ciencias Naturales, Matemáticas y Estadística;Matemáticas y estadística;Matemáticas;Matemáticas y ciencias naturales;Matemáticas, estadística y afines;Pregrado;Universitario;Presencial;159;10;Semestral;No;Semestral;N;Norte de Santander;Pamplona;;;
1212;1212;UNIVERSIDAD DE PAMPLONA;Activa;Universidad;Oficial;;51812;121246100005451811500;MEDICINA;MEDICO;Activo;;;Registro calificado;5535;05/04/2023;11/04/2023;7;22/12/2005;Salud y Bienestar;Salud;Medicina;Ciencias de la salud;Medicina;Pregrado;Universitario;Presencial;245;12;Semestral;No;Semestral;N;Norte de Santander;Pamplona;5850000;;
1212;1212;UNIVERSIDAD DE PAMPLONA;Activa;Universidad;Oficial;;14771;121246360895451811100;MEDICINA VETERINARIA;MEDICO VETERINARIO;Activo;;;Acreditación de alta calidad;12697;24/07/2023;11/08/2023;4;06/12/2001;Agropecuario, Silvicultura, Pesca y Veterinaria;Veterinaria;Veterinaria;Agronomía, veterinaria y afines;Medicina veterinaria;Pregrado;Universitario;Presencial;164;10;Semestral;No;Semestral;N;Norte de Santander;Pamplona;3250000;;
1212;1212;UNIVERSIDAD DE PAMPLONA;Activa;Universidad;Oficial;;873;121245766645451811100;MICROBIOLOGIA;MICROBIOLOGO;Activo;;;Acreditación de alta calidad;8929;29/05/2023;16/06/2023;4;21/03/1998;Ciencias Naturales, Matemáticas y Estadística;Ciencias biológicas y afines;Biología;Matemáticas y ciencias naturales;Biología, microbiología y afines;Pregrado;Universitario;Presencial;164;10;Semestral;No;Semestral;N;Norte de Santander;Pamplona;2080000;;
1212;1212;UNIVERSIDAD DE PAMPLONA;Activa;Universidad;Oficial;;19820;121245766645487401100;MICROBIOLOGIA;MICROBIOLOGO;Inactivo;;Registro calificado no renovado.;Registro calificado;540;27/02/2004;18/03/2004;7;11/07/2003;Ciencias Naturales, Matemáticas y Estadística;Ciencias biológicas y afines;Biología;Matemáticas y ciencias naturales;Biología, microbiología y afines;Pregrado;Universitario;Presencial;162;10;Semestral;No;Semestral;N;Norte de Santander;Villa del Rosario;;;
1212;1212;UNIVERSIDAD DE PAMPLONA;Activa;Universidad;Oficial;;9547;121247000005451811100;MUSICA;MAESTRO EN MUSICA;Activo;;;Registro calificado;21350;14/11/2023;30/11/2023;7;30/11/2023;Arte y Humanidades;Artes;Música y artes escénicas;Bellas artes;Música;Pregrado;Universitario;Presencial;160;10;Semestral;No;Semestral;N;Norte de Santander;Pamplona;2080000;;
1212;1212;UNIVERSIDAD DE PAMPLONA;Activa;Universidad;Oficial;;11577;121246120305451811100;NUTRICION Y DIETETICA;NUTRICIONISTA Y DIETISTA;Activo;;;Registro calificado;10402;11/06/2021;11/06/2021;7;01/04/2001;Salud y Bienestar;Salud;Salud no clasificada en otra parte;Ciencias de la salud;Nutrición y dietética;Pregrado;Universitario;Presencial;163;10;Semestral;No;Semestral;N;Norte de Santander;Pamplona;2080000;;
1212;1212;UNIVERSIDAD DE PAMPLONA;Activa;Universidad;Oficial;;116844;;Nutrición y Dietética;Nutricionista Dietista;Activo;;;Registro calificado;4470;09/04/2024;25/04/2024;7;25/04/2024;Salud y Bienestar;Salud;Salud no clasificada en otra parte;Sin información;Sin clasificar;Pregrado;Universitario;Presencial;160;9;Semestral;No;Semestral;N;Norte de Santander;Pamplona;;;
1212;1212;UNIVERSIDAD DE PAMPLONA;Activa;Universidad;Oficial;;12006;121241500005451811100;PSICOLOGIA;PSICOLOGO (A);Activo;;;Registro calificado;25422;30/12/2021;31/12/2021;7;31/12/2021;Ciencias Sociales, Periodismo e Información;Ciencias sociales y del comportamiento;Psicología;Ciencias sociales y humanas;Psicología;Pregrado;Universitario;Presencial;158;10;Semestral;No;Semestral;N;Norte de Santander;Pamplona;2080000;;
1212;1212;UNIVERSIDAD DE PAMPLONA;Activa;Universidad;Oficial;;4139;121241580245451813100;PSICOLOGIA CON ENFASIS EN PSICOLOGIA FAMILIAR;PSICOLOGO CON ENFASIS EN PSICOLOGIA FAMILIAR;Inactivo;;;n/a;;;;;21/03/1998;Ciencias Sociales, Periodismo e Información;Ciencias sociales y del comportamiento;Psicología;Ciencias sociales y humanas;Psicología;Pregrado;Universitario;Presencial;;10;Semestral;No;Semestral;N;Norte de Santander;Pamplona;;;
1212;1212;UNIVERSIDAD DE PAMPLONA;Activa;Universidad;Oficial;;17734;121245400005451811100;QUIMICA;QUIMICO;Activo;;;Registro calificado;16558;09/09/2020;20/10/2020;7;20/10/2020;Ciencias Naturales, Matemáticas y Estadística;Ciencias físicas;Química;Matemáticas y ciencias naturales;Química y afines;Pregrado;Universitario;Presencial;163;10;Semestral;No;Semestral;N;Norte de Santander;Pamplona;1820000;;
1212;1212;UNIVERSIDAD DE PAMPLONA;Activa;Universidad;Oficial;;54993;54993;TÉCNICO PROFESIONAL EN INSTRUMENTACIÓN Y CONTROL DE PROCESOS INDUSTRIALES;TÉCNICO PROFESIONAL EN INSTRUMENTACIÓN Y CONTROL DE PROCESOS INDUSTRIALES;Inactivo;;La universidad env¿a carta a la directora de calidad para inactivar el programa a trav¿s de correo electr¿nico, se adjunta soporte en carpeta del proceso.;n/a;4222;10/03/2017;10/03/2017;;30/11/2009;Ingeniería, Industria y Construcción;Ingeniería y profesiones afines;Ingeniería y profesiones afines no clasificadas en otra parte;Ingeniería, arquitectura, urbanismo y afines;Ingeniería electrónica, telecomunicaciones y afines;Pregrado;Formación técnica profesional;Presencial;64;4;Semestral;No;Semestral;N;Norte de Santander;Villa del Rosario;;;
1212;1212;UNIVERSIDAD DE PAMPLONA;Activa;Universidad;Oficial;;54983;54983;TÉCNICO PROFESIONAL EN MANTENIMIENTO DE MAQUINARIA Y EQUIPOS INDUSTRIALES;TÉCNICO PROFESIONAL EN MANTENIMIENTO DE MAQUINARIA Y EQUIPOS INDUSTRIALES;Inactivo;;La universidad env¿a carta a la directora de calidad para inactivar el programa a trav¿s de correo electr¿nico, se adjunta soporte en carpeta del proceso.;n/a;4229;10/03/2017;10/03/2017;;24/11/2009;Ingeniería, Industria y Construcción;Ingeniería y profesiones afines;Ingeniería y profesiones afines no clasificadas en otra parte;Ingeniería, arquitectura, urbanismo y afines;Ingeniería mecánica y afines;Pregrado;Formación técnica profesional;Presencial;65;4;Semestral;No;Semestral;N;Norte de Santander;Villa del Rosario;;;
1212;1212;UNIVERSIDAD DE PAMPLONA;Activa;Universidad;Oficial;;19144;121226310015451811101;TECNOLOGIA AGROINDUSTRIAL;TECNOLOGO AGROINDUSTRIAL;Inactivo;;Por solicitud de la ies 2018-er-194960;n/a;7851;04/12/2006;04/12/2006;;14/03/2003;Agropecuario, Silvicultura, Pesca y Veterinaria;Programas y certificaciones interdisciplinarias relativos a agropecuario, silvicultura, pesca y veterinaria;Programas y certificaciones interdisciplinarias relativos a agropecuario, silvicultura, pesca y veterinaria;Ingeniería, arquitectura, urbanismo y afines;Ingeniería agroindustrial, alimentos y afines;Pregrado;Tecnológico;Presencial;100;6;Semestral;No;Semestral;N;Norte de Santander;Pamplona;;;
1212;1212;UNIVERSIDAD DE PAMPLONA;Activa;Universidad;Oficial;;863;121226640005451811100;TECNOLOGIA DE ALIMENTOS;TECNOLOGO EN ALIMENTOS;Inactivo;;La universidad env¿a carta a la directora de calidad para inactivar el programa a trav¿s de correo electr¿nico, se adjunta soporte en carpeta del proceso.;n/a;21008;10/12/2014;12/12/2014;;21/03/1998;Ciencias Naturales, Matemáticas y Estadística;Programas y certificaciones interdisciplinarios relativos a ciencias naturales, matemáticas y estadística;Programas y certificaciones interdisciplinarios relativos a ciencias naturales, matemáticas y estadística;Matemáticas y ciencias naturales;Biología, microbiología y afines;Pregrado;Tecnológico;Presencial;100;6;Semestral;No;Semestral;N;Norte de Santander;Pamplona;;;
1212;1212;UNIVERSIDAD DE PAMPLONA;Activa;Universidad;Oficial;;54994;54994;TECNOLOGÍA EN AUTOMATIZACIÓN INDUSTRIAL;TECNÓLOGO  EN AUTOMATIZACIÓN INDUSTRIAL;Inactivo;;La universidad env¿a carta a la directora de calidad para inactivar el programa a trav¿s de correo electr¿nico, se adjunta soporte en carpeta del proceso.;n/a;4223;10/03/2017;10/03/2017;;30/11/2009;Ingeniería, Industria y Construcción;Ingeniería y profesiones afines;Electrónica y automatización;Ingeniería, arquitectura, urbanismo y afines;Ingeniería electrónica, telecomunicaciones y afines;Pregrado;Tecnológico;Presencial;96;6;Semestral;No;Semestral;N;Norte de Santander;Villa del Rosario;;;
1212;1212;UNIVERSIDAD DE PAMPLONA;Activa;Universidad;Oficial;;52005;121226210315400101500;TECNOLOGIA EN ELECTRICIDAD;TECNOLOGO ELECTRICISTA;Inactivo;;Inactivar por vencimiento;Registro calificado;697;17/02/2006;17/02/2006;7;02/03/2006;Ingeniería, Industria y Construcción;Ingeniería y profesiones afines;Electricidad y energía;Ingeniería, arquitectura, urbanismo y afines;Ingeniería eléctrica y afines;Pregrado;Tecnológico;Presencial;123;6;Semestral;No;Semestral;N;Norte de Santander;San José de Cúcuta;;;
1212;1212;UNIVERSIDAD DE PAMPLONA;Activa;Universidad;Oficial;;17286;1212262103801100;TECNOLOGIA EN ELECTRONICA;TECNOLOGO EN ELECTRONICA;Inactivo;;Por solicitud de la ies 11-sep-18;Registro calificado;699;17/02/2006;;7;08/09/2010;Ingeniería, Industria y Construcción;Ingeniería y profesiones afines;Electrónica y automatización;Ingeniería, arquitectura, urbanismo y afines;Ingeniería electrónica, telecomunicaciones y afines;Pregrado;Tecnológico;Presencial;100;;Sin definir;No;;N;Norte de Santander;San José de Cúcuta;;;
1212;1212;UNIVERSIDAD DE PAMPLONA;Activa;Universidad;Oficial;;52649;52649;TECNOLOGIA EN ELECTRONICA;TECNOLOGO EN ELECTRONICA;Inactivo;;Inactivar por vencimiento;Registro calificado;699;17/02/2006;17/02/2006;7;02/03/2007;Ingeniería, Industria y Construcción;Ingeniería y profesiones afines;Electrónica y automatización;Ingeniería, arquitectura, urbanismo y afines;Ingeniería electrónica, telecomunicaciones y afines;Pregrado;Tecnológico;Presencial;100;6;Semestral;No;Semestral;N;Norte de Santander;San José de Cúcuta;;;
1212;1212;UNIVERSIDAD DE PAMPLONA;Activa;Universidad;Oficial;;54995;54995;TECNOLOGIA EN GESTION DE MANTENIMIENTO INDUSTRIAL;TECNOLOGO EN GESTION DE MANTENIMIENTO INDUSTRIAL;Inactivo;;La universidad env¿a carta a la directora de calidad para inactivar el programa a trav¿s de correo electr¿nico, se adjunta soporte en carpeta del proceso.;n/a;4254;10/03/2017;10/03/2017;;30/11/2009;Ingeniería, Industria y Construcción;Ingeniería y profesiones afines;Ingeniería y profesiones afines no clasificadas en otra parte;Ingeniería, arquitectura, urbanismo y afines;Ingeniería mecánica y afines;Pregrado;Tecnológico;Presencial;100;6;Semestral;No;Semestral;N;Norte de Santander;Villa del Rosario;;;
1212;1212;UNIVERSIDAD DE PAMPLONA;Activa;Universidad;Oficial;;3272;121220046585451811100;TECNOLOGIA EN GESTION DE SISTEMAS;TECNOLOGO EN GESTION DE SISTEMAS;Inactivo;;Inactivar por solicitud de la ies 2018-er-194945;n/a;5360;11/09/2007;11/09/2007;;21/03/1998;Tecnologías de la Información y la Comunicación (TIC);Tecnologías de la Información y la Comunicación (TIC);Uso de computadores;Ingeniería, arquitectura, urbanismo y afines;Ingeniería de sistemas, telemática y afines;Pregrado;Tecnológico;Presencial;100;6;Semestral;No;Semestral;N;Norte de Santander;Pamplona;;;
1212;1212;UNIVERSIDAD DE PAMPLONA;Activa;Universidad;Oficial;;52987;52987;TECNOLOGIA EN GESTIÓN DE SISTEMAS DE INFORMACIÓN;TECNOLOGO EN GESTIÓN DE SISTEMAS DE INFORMACIÓN;Inactivo;;Inactivar por solicitud de la ies 2018-er-194945;n/a;4120;25/07/2007;25/07/2007;;26/07/2007;Ciencias Sociales, Periodismo e Información;Periodismo e información;Bibliotecología, información y archivología;Economía, administración, contaduría y afines;Administración;Pregrado;Tecnológico;A distancia;100;6;Semestral;No;Por cohorte;N;Norte de Santander;Pamplona;;;
1212;1212;UNIVERSIDAD DE PAMPLONA;Activa;Universidad;Oficial;;52004;121223380625400101500;TECNOLOGÍA EN MECÁNICA INDUSTRIAL;TECNOLOGO EN MECÁNICA INDUSTRIAL;Inactivo;;Inactivar por vencimiento;Registro calificado;696;17/02/2006;17/02/2006;7;02/03/2006;Ingeniería, Industria y Construcción;Ingeniería y profesiones afines;Mecánica y profesiones afines a la metalistería;Ingeniería, arquitectura, urbanismo y afines;Ingeniería industrial y afines;Pregrado;Tecnológico;Presencial;100;6;Semestral;No;Semestral;N;Norte de Santander;San José de Cúcuta;;;
1212;1212;UNIVERSIDAD DE PAMPLONA;Activa;Universidad;Oficial;;3039;121223330725451811100;TECNOLOGIA EN SANEAMIENTO AMBIENTAL;TECNOLOGO EN SANEAMIENTO AMBIENTAL;Inactivo;;Se inactiva por vencimiento de registro calificado;Registro calificado;7069;10/11/2006;10/11/2006;7;21/03/1998;Ingeniería, Industria y Construcción;Ingeniería y profesiones afines;Tecnología de protección del medio ambiente;Ingeniería, arquitectura, urbanismo y afines;Ingeniería ambiental, sanitaria y afines;Pregrado;Tecnológico;Presencial;97;6;Semestral;No;Semestral;N;Norte de Santander;Pamplona;;;
1212;1212;UNIVERSIDAD DE PAMPLONA;Activa;Universidad;Oficial;;19142;121226340985451811101;TECNOLOGIA FORESTAL;TECNOLOGO FORESTAL;Inactivo;;Por solicitud de la ies 2018-er-194960;n/a;1136;13/03/2007;13/03/2007;;14/03/2003;Agropecuario, Silvicultura, Pesca y Veterinaria;Silvicultura;Silvicultura;Ingeniería, arquitectura, urbanismo y afines;Ingeniería agrícola, forestal y afines;Pregrado;Tecnológico;Presencial;92;6;Semestral;No;Semestral;N;Norte de Santander;Pamplona;;;
1212;1212;UNIVERSIDAD DE PAMPLONA;Activa;Universidad;Oficial;;17521;121246150855451811100;TERAPIA OCUPACIONAL;TERAPÉUTA OCUPACIONAL;Activo;;;Acreditación de alta calidad;9605;25/07/2013;15/08/2013;8;15/08/2013;Salud y Bienestar;Salud;Fisioterapia, Fonoaudiología, Terapia ocupacional, Nutrición y afines;Ciencias de la salud;Terapias;Pregrado;Universitario;Presencial;162;9;Semestral;No;Semestral;N;Norte de Santander;Pamplona;2080000;;
1212;1212;UNIVERSIDAD DE PAMPLONA;Activa;Universidad;Oficial;;14772;121246360005451811100;ZOOTECNIA;ZOOTECNISTA;Activo;;;Registro calificado;3526;02/03/2023;17/03/2023;7;06/12/2001;Agropecuario, Silvicultura, Pesca y Veterinaria;Agropecuario;Producción agrícola y ganadera;Agronomía, veterinaria y afines;Zootecnia;Pregrado;Universitario;Presencial;164;10;Semestral;No;Semestral;N;Norte de Santander;Pamplona;2080000;;
;;;;;;;;;;;;;;;;;;;;;;;;;;;;;;;;;;;;;;
NOTA:;La información del presente reporte corresponde a los datos de caracterización del registro calificado del programa académico de educación superior que administra la Subdirección de Aseguramiento de la Calidad de la Educación Superior a través del sistema SACES (Soporte al Aseguramiento de la Calidad de la Educación Superior).;;;;;;;;;;;;;;;;;;;;;;;;;;;;;;;;;;;;;
